,country,iso3,region,year,score,rank,sources,standardError
0,New Zealand,NZL,AP,2019,87.0,1.0,8.0,2.29
1,New Zealand,NZL,AP,2018,87.0,2.0,8.0,2.44
2,New Zealand,NZL,AP,2017,89.0,1.0,8.0,2.40
3,New Zealand,NZL,AP,2016,90.0,1.0,7.0,2.56
4,New Zealand,NZL,AP,2015,91.0,1.0,7.0,2.32
5,New Zealand,NZL,AP,2014,91.0,2.0,7.0,2.28
6,New Zealand,NZL,AP,2013,91.0,1.0,7.0,2.30
7,New Zealand,NZL,AP,2012,90.0,1.0,7.0,2.20
8,Denmark,DNK,WE/EU,2019,87.0,1.0,8.0,2.54
9,Denmark,DNK,WE/EU,2018,88.0,1.0,8.0,2.63
10,Denmark,DNK,WE/EU,2017,88.0,2.0,8.0,2.75
11,Denmark,DNK,WE/EU,2016,90.0,1.0,7.0,2.46
12,Denmark,DNK,WE/EU,2015,91.0,1.0,7.0,2.16
13,Denmark,DNK,WE/EU,2014,92.0,1.0,7.0,2.04
14,Denmark,DNK,WE/EU,2013,91.0,1.0,7.0,2.20
15,Denmark,DNK,WE/EU,2012,90.0,1.0,7.0,2.00
16,Finland,FIN,WE/EU,2019,86.0,3.0,8.0,2.92
17,Finland,FIN,WE/EU,2018,85.0,3.0,8.0,2.74
18,Finland,FIN,WE/EU,2017,85.0,3.0,8.0,2.84
19,Finland,FIN,WE/EU,2016,89.0,3.0,7.0,1.46
20,Finland,FIN,WE/EU,2015,90.0,3.0,7.0,1.77
21,Finland,FIN,WE/EU,2014,89.0,3.0,7.0,2.05
22,Finland,FIN,WE/EU,2013,89.0,3.0,7.0,1.70
23,Finland,FIN,WE/EU,2012,90.0,1.0,7.0,3.00
24,Switzerland,CHE,WE/EU,2019,85.0,4.0,7.0,1.58
25,Switzerland,CHE,WE/EU,2018,85.0,3.0,7.0,1.57
26,Switzerland,CHE,WE/EU,2017,85.0,3.0,7.0,1.71
27,Switzerland,CHE,WE/EU,2016,86.0,5.0,6.0,1.57
28,Switzerland,CHE,WE/EU,2015,86.0,6.0,6.0,2.55
29,Switzerland,CHE,WE/EU,2014,86.0,5.0,6.0,2.61
30,Switzerland,CHE,WE/EU,2013,85.0,7.0,6.0,2.50
31,Switzerland,CHE,WE/EU,2012,86.0,6.0,6.0,2.60
32,Singapore,SGP,AP,2019,85.0,4.0,9.0,2.05
33,Singapore,SGP,AP,2018,85.0,3.0,9.0,1.98
34,Singapore,SGP,AP,2017,84.0,6.0,9.0,2.26
35,Singapore,SGP,AP,2016,84.0,7.0,8.0,2.35
36,Singapore,SGP,AP,2015,85.0,7.0,8.0,2.02
37,Singapore,SGP,AP,2014,84.0,7.0,8.0,1.75
38,Singapore,SGP,AP,2013,86.0,5.0,9.0,2.30
39,Singapore,SGP,AP,2012,87.0,5.0,9.0,2.10
40,Sweden,SWE,WE/EU,2019,85.0,4.0,8.0,1.98
41,Sweden,SWE,WE/EU,2018,85.0,3.0,8.0,2.02
42,Sweden,SWE,WE/EU,2017,84.0,6.0,8.0,2.27
43,Sweden,SWE,WE/EU,2016,88.0,4.0,7.0,1.33
44,Sweden,SWE,WE/EU,2015,89.0,4.0,7.0,1.71
45,Sweden,SWE,WE/EU,2014,87.0,4.0,7.0,3.41
46,Sweden,SWE,WE/EU,2013,89.0,3.0,7.0,2.30
47,Sweden,SWE,WE/EU,2012,88.0,4.0,7.0,1.90
48,Norway,NOR,WE/EU,2019,84.0,7.0,7.0,1.65
49,Norway,NOR,WE/EU,2018,84.0,7.0,8.0,2.14
50,Norway,NOR,WE/EU,2017,85.0,3.0,8.0,1.83
51,Norway,NOR,WE/EU,2016,85.0,6.0,7.0,1.85
52,Norway,NOR,WE/EU,2015,88.0,5.0,7.0,2.24
53,Norway,NOR,WE/EU,2014,86.0,5.0,7.0,2.38
54,Norway,NOR,WE/EU,2013,86.0,5.0,7.0,2.30
55,Norway,NOR,WE/EU,2012,85.0,7.0,7.0,1.60
56,Netherlands,NLD,WE/EU,2019,82.0,8.0,8.0,2.25
57,Netherlands,NLD,WE/EU,2018,82.0,8.0,8.0,2.30
58,Netherlands,NLD,WE/EU,2017,82.0,8.0,8.0,2.23
59,Netherlands,NLD,WE/EU,2016,83.0,8.0,7.0,2.32
60,Netherlands,NLD,WE/EU,2015,84.0,9.0,7.0,1.98
61,Netherlands,NLD,WE/EU,2014,83.0,8.0,7.0,1.97
62,Netherlands,NLD,WE/EU,2013,83.0,8.0,7.0,2.00
63,Netherlands,NLD,WE/EU,2012,84.0,9.0,7.0,2.00
64,Luxembourg,LUX,WE/EU,2019,80.0,9.0,7.0,1.95
65,Luxembourg,LUX,WE/EU,2018,81.0,9.0,7.0,2.32
66,Luxembourg,LUX,WE/EU,2017,82.0,8.0,6.0,2.08
67,Luxembourg,LUX,WE/EU,2016,81.0,10.0,6.0,1.96
68,Luxembourg,LUX,WE/EU,2015,85.0,7.0,5.0,1.60
69,Luxembourg,LUX,WE/EU,2014,82.0,9.0,6.0,2.78
70,Luxembourg,LUX,WE/EU,2013,80.0,11.0,6.0,2.90
71,Luxembourg,LUX,WE/EU,2012,80.0,12.0,6.0,2.80
72,Germany,DEU,WE/EU,2019,80.0,9.0,8.0,3.31
73,Germany,DEU,WE/EU,2018,80.0,11.0,8.0,2.49
74,Germany,DEU,WE/EU,2017,81.0,12.0,8.0,1.87
75,Germany,DEU,WE/EU,2016,81.0,10.0,7.0,2.73
76,Germany,DEU,WE/EU,2015,81.0,11.0,7.0,2.50
77,Germany,DEU,WE/EU,2014,79.0,12.0,7.0,2.58
78,Germany,DEU,WE/EU,2013,78.0,12.0,8.0,2.40
79,Germany,DEU,WE/EU,2012,79.0,13.0,8.0,2.30
80,Iceland,ISL,WE/EU,2019,78.0,11.0,7.0,4.63
81,Iceland,ISL,WE/EU,2018,76.0,14.0,7.0,4.33
82,Iceland,ISL,WE/EU,2017,77.0,13.0,7.0,4.38
83,Iceland,ISL,WE/EU,2016,78.0,14.0,6.0,3.81
84,Iceland,ISL,WE/EU,2015,79.0,13.0,5.0,4.53
85,Iceland,ISL,WE/EU,2014,79.0,12.0,6.0,3.16
86,Iceland,ISL,WE/EU,2013,78.0,12.0,6.0,2.80
87,Iceland,ISL,WE/EU,2012,82.0,11.0,6.0,4.10
88,Canada,CAN,AME,2019,77.0,12.0,8.0,2.80
89,Canada,CAN,AME,2018,81.0,9.0,8.0,2.16
90,Canada,CAN,AME,2017,82.0,8.0,8.0,1.49
91,Canada,CAN,AME,2016,82.0,9.0,7.0,2.03
92,Canada,CAN,AME,2015,83.0,10.0,7.0,1.63
93,Canada,CAN,AME,2014,81.0,10.0,7.0,2.45
94,Canada,CAN,AME,2013,81.0,9.0,7.0,2.40
95,Canada,CAN,AME,2012,84.0,9.0,7.0,2.20
96,United Kingdom,GBR,WE/EU,2019,77.0,12.0,8.0,3.34
97,United Kingdom,GBR,WE/EU,2018,80.0,11.0,8.0,2.03
98,United Kingdom,GBR,WE/EU,2017,82.0,8.0,8.0,1.70
99,United Kingdom,GBR,WE/EU,2016,81.0,10.0,7.0,2.12
100,United Kingdom,GBR,WE/EU,2015,81.0,11.0,7.0,2.40
101,United Kingdom,GBR,WE/EU,2014,78.0,14.0,7.0,2.09
102,United Kingdom,GBR,WE/EU,2013,76.0,14.0,8.0,1.30
103,United Kingdom,GBR,WE/EU,2012,74.0,17.0,8.0,1.30
104,Australia,AUS,AP,2019,77.0,12.0,9.0,1.32
105,Australia,AUS,AP,2018,77.0,13.0,9.0,1.27
106,Australia,AUS,AP,2017,77.0,13.0,9.0,1.40
107,Australia,AUS,AP,2016,79.0,13.0,8.0,1.27
108,Australia,AUS,AP,2015,79.0,13.0,8.0,1.50
109,Australia,AUS,AP,2014,80.0,11.0,8.0,1.31
110,Australia,AUS,AP,2013,81.0,9.0,8.0,1.50
111,Australia,AUS,AP,2012,85.0,7.0,8.0,1.10
112,Austria,AUT,WE/EU,2019,77.0,12.0,8.0,1.57
113,Austria,AUT,WE/EU,2018,76.0,14.0,8.0,1.37
114,Austria,AUT,WE/EU,2017,75.0,16.0,8.0,1.17
115,Austria,AUT,WE/EU,2016,75.0,17.0,7.0,1.36
116,Austria,AUT,WE/EU,2015,76.0,16.0,7.0,1.76
117,Austria,AUT,WE/EU,2014,72.0,23.0,7.0,3.49
118,Austria,AUT,WE/EU,2013,69.0,26.0,8.0,3.20
119,Austria,AUT,WE/EU,2012,69.0,25.0,8.0,2.40
120,Hong Kong,HKG,AP,2019,76.0,16.0,8.0,3.15
121,Hong Kong,HKG,AP,2018,76.0,14.0,8.0,2.47
122,Hong Kong,HKG,AP,2017,77.0,13.0,7.0,2.37
123,Hong Kong,HKG,AP,2016,77.0,15.0,7.0,2.62
124,Hong Kong,HKG,AP,2015,75.0,18.0,7.0,2.48
125,Hong Kong,HKG,AP,2014,74.0,17.0,7.0,2.75
126,Hong Kong,HKG,AP,2013,75.0,15.0,8.0,2.40
127,Hong Kong,HKG,AP,2012,77.0,14.0,8.0,1.90
128,Belgium,BEL,WE/EU,2019,75.0,17.0,7.0,1.09
129,Belgium,BEL,WE/EU,2018,75.0,17.0,8.0,1.09
130,Belgium,BEL,WE/EU,2017,75.0,16.0,8.0,1.63
131,Belgium,BEL,WE/EU,2016,77.0,15.0,7.0,1.55
132,Belgium,BEL,WE/EU,2015,77.0,15.0,7.0,1.34
133,Belgium,BEL,WE/EU,2014,76.0,15.0,7.0,2.26
134,Belgium,BEL,WE/EU,2013,75.0,15.0,7.0,2.30
135,Belgium,BEL,WE/EU,2012,75.0,16.0,7.0,2.40
136,Ireland,IRL,WE/EU,2019,74.0,18.0,7.0,3.61
137,Ireland,IRL,WE/EU,2018,73.0,18.0,7.0,3.25
138,Ireland,IRL,WE/EU,2017,74.0,19.0,7.0,3.68
139,Ireland,IRL,WE/EU,2016,73.0,19.0,6.0,4.31
140,Ireland,IRL,WE/EU,2015,75.0,18.0,6.0,4.92
141,Ireland,IRL,WE/EU,2014,74.0,17.0,6.0,4.75
142,Ireland,IRL,WE/EU,2013,72.0,21.0,6.0,4.20
143,Ireland,IRL,WE/EU,2012,69.0,25.0,6.0,3.50
144,Estonia,EST,WE/EU,2019,74.0,18.0,10.0,1.21
145,Estonia,EST,WE/EU,2018,73.0,18.0,10.0,1.44
146,Estonia,EST,WE/EU,2017,71.0,21.0,10.0,2.21
147,Estonia,EST,WE/EU,2016,70.0,22.0,10.0,2.16
148,Estonia,EST,WE/EU,2015,70.0,23.0,9.0,2.79
149,Estonia,EST,WE/EU,2014,69.0,27.0,9.0,2.89
150,Estonia,EST,WE/EU,2013,68.0,28.0,9.0,2.70
151,Estonia,EST,WE/EU,2012,64.0,32.0,8.0,3.00
152,Japan,JPN,AP,2019,73.0,20.0,9.0,3.51
153,Japan,JPN,AP,2018,73.0,18.0,9.0,2.85
154,Japan,JPN,AP,2017,73.0,20.0,9.0,2.66
155,Japan,JPN,AP,2016,72.0,20.0,8.0,3.02
156,Japan,JPN,AP,2015,75.0,18.0,8.0,2.96
157,Japan,JPN,AP,2014,76.0,15.0,8.0,3.16
158,Japan,JPN,AP,2013,74.0,18.0,9.0,2.40
159,Japan,JPN,AP,2012,74.0,17.0,9.0,2.30
160,United Arab Emirates,ARE,MENA,2019,71.0,21.0,8.0,5.13
161,United Arab Emirates,ARE,MENA,2018,70.0,23.0,8.0,4.56
162,United Arab Emirates,ARE,MENA,2017,71.0,21.0,7.0,6.26
163,United Arab Emirates,ARE,MENA,2016,66.0,24.0,7.0,5.70
164,United Arab Emirates,ARE,MENA,2015,70.0,23.0,7.0,5.07
165,United Arab Emirates,ARE,MENA,2014,70.0,26.0,7.0,5.14
166,United Arab Emirates,ARE,MENA,2013,69.0,26.0,7.0,4.70
167,United Arab Emirates,ARE,MENA,2012,68.0,27.0,7.0,4.30
168,Uruguay,URY,AME,2019,71.0,21.0,7.0,2.47
169,Uruguay,URY,AME,2018,70.0,23.0,7.0,2.73
170,Uruguay,URY,AME,2017,70.0,23.0,7.0,2.67
171,Uruguay,URY,AME,2016,71.0,21.0,6.0,2.68
172,Uruguay,URY,AME,2015,74.0,21.0,6.0,1.68
173,Uruguay,URY,AME,2014,73.0,21.0,6.0,1.41
174,Uruguay,URY,AME,2013,73.0,19.0,6.0,1.40
175,Uruguay,URY,AME,2012,72.0,20.0,6.0,1.50
176,United States of America,USA,AME,2019,69.0,23.0,9.0,4.12
177,United States of America,USA,AME,2018,71.0,22.0,9.0,3.25
178,United States of America,USA,AME,2017,75.0,16.0,9.0,3.24
179,United States of America,USA,AME,2016,74.0,18.0,9.0,3.15
180,United States of America,USA,AME,2015,76.0,16.0,8.0,3.47
181,United States of America,USA,AME,2014,74.0,17.0,8.0,3.74
182,United States of America,USA,AME,2013,73.0,19.0,9.0,4.00
183,United States of America,USA,AME,2012,73.0,19.0,9.0,4.10
184,France,FRA,WE/EU,2019,69.0,23.0,8.0,2.28
185,France,FRA,WE/EU,2018,72.0,21.0,8.0,1.17
186,France,FRA,WE/EU,2017,70.0,23.0,8.0,1.36
187,France,FRA,WE/EU,2016,69.0,23.0,7.0,2.97
188,France,FRA,WE/EU,2015,70.0,23.0,7.0,2.49
189,France,FRA,WE/EU,2014,69.0,27.0,7.0,2.17
190,France,FRA,WE/EU,2013,71.0,22.0,8.0,2.40
191,France,FRA,WE/EU,2012,71.0,22.0,8.0,2.40
192,Bhutan,BTN,AP,2019,68.0,25.0,4.0,2.76
193,Bhutan,BTN,AP,2018,68.0,25.0,4.0,2.86
194,Bhutan,BTN,AP,2017,67.0,26.0,5.0,1.83
195,Bhutan,BTN,AP,2016,65.0,27.0,5.0,2.12
196,Bhutan,BTN,AP,2015,65.0,27.0,4.0,2.14
197,Bhutan,BTN,AP,2014,65.0,30.0,4.0,1.81
198,Bhutan,BTN,AP,2013,63.0,31.0,4.0,2.60
199,Bhutan,BTN,AP,2012,63.0,33.0,3.0,3.60
200,Chile,CHL,AME,2019,67.0,26.0,9.0,2.55
201,Chile,CHL,AME,2018,67.0,27.0,9.0,1.88
202,Chile,CHL,AME,2017,67.0,26.0,9.0,2.03
203,Chile,CHL,AME,2016,66.0,24.0,8.0,2.65
204,Chile,CHL,AME,2015,70.0,23.0,8.0,2.15
205,Chile,CHL,AME,2014,73.0,21.0,8.0,1.74
206,Chile,CHL,AME,2013,71.0,22.0,9.0,1.80
207,Chile,CHL,AME,2012,72.0,20.0,9.0,2.10
208,Seychelles,SYC,SSA,2019,66.0,27.0,4.0,3.40
209,Seychelles,SYC,SSA,2018,66.0,28.0,4.0,3.08
210,Seychelles,SYC,SSA,2017,60.0,36.0,4.0,8.32
211,Seychelles,SYC,SSA,2016,,,,
212,Seychelles,SYC,SSA,2015,55.0,40.0,3.0,8.50
213,Seychelles,SYC,SSA,2014,55.0,44.0,3.0,8.62
214,Seychelles,SYC,SSA,2013,54.0,47.0,4.0,8.20
215,Seychelles,SYC,SSA,2012,52.0,51.0,4.0,8.00
216,Taiwan,TWN,AP,2019,65.0,28.0,8.0,3.03
217,Taiwan,TWN,AP,2018,63.0,31.0,8.0,3.06
218,Taiwan,TWN,AP,2017,63.0,29.0,8.0,3.28
219,Taiwan,TWN,AP,2016,61.0,31.0,8.0,3.79
220,Taiwan,TWN,AP,2015,62.0,31.0,7.0,3.78
221,Taiwan,TWN,AP,2014,61.0,36.0,7.0,4.17
222,Taiwan,TWN,AP,2013,61.0,36.0,7.0,4.30
223,Taiwan,TWN,AP,2012,61.0,37.0,7.0,3.90
224,Bahamas,BHS,AME,2019,64.0,29.0,3.0,5.83
225,Bahamas,BHS,AME,2018,65.0,29.0,3.0,5.39
226,Bahamas,BHS,AME,2017,65.0,28.0,3.0,5.39
227,Bahamas,BHS,AME,2016,66.0,24.0,3.0,5.20
228,Bahamas,BHS,AME,2015,,,,
229,Bahamas,BHS,AME,2014,71.0,24.0,3.0,0.99
230,Bahamas,BHS,AME,2013,71.0,22.0,3.0,1.00
231,Bahamas,BHS,AME,2012,71.0,22.0,3.0,1.00
232,Barbados,BRB,AME,2019,62.0,30.0,4.0,6.06
233,Barbados,BRB,AME,2018,68.0,25.0,3.0,3.12
234,Barbados,BRB,AME,2017,68.0,25.0,3.0,3.24
235,Barbados,BRB,AME,2016,61.0,31.0,3.0,6.91
236,Barbados,BRB,AME,2015,,,,
237,Barbados,BRB,AME,2014,74.0,17.0,3.0,8.09
238,Barbados,BRB,AME,2013,75.0,15.0,3.0,7.10
239,Barbados,BRB,AME,2012,76.0,15.0,3.0,6.70
240,Portugal,PRT,WE/EU,2019,62.0,30.0,8.0,2.82
241,Portugal,PRT,WE/EU,2018,64.0,30.0,8.0,2.14
242,Portugal,PRT,WE/EU,2017,63.0,29.0,8.0,2.56
243,Portugal,PRT,WE/EU,2016,62.0,29.0,8.0,2.58
244,Portugal,PRT,WE/EU,2015,64.0,28.0,7.0,2.50
245,Portugal,PRT,WE/EU,2014,63.0,31.0,7.0,3.36
246,Portugal,PRT,WE/EU,2013,62.0,33.0,7.0,3.00
247,Portugal,PRT,WE/EU,2012,63.0,33.0,7.0,2.50
248,Puerto Rico,PRI,AME,2019,,,,
249,Puerto Rico,PRI,AME,2018,,,,
250,Puerto Rico,PRI,AME,2017,,,,
251,Puerto Rico,PRI,AME,2016,,,,
252,Puerto Rico,PRI,AME,2015,,,,
253,Puerto Rico,PRI,AME,2014,63.0,31.0,3.0,4.37
254,Puerto Rico,PRI,AME,2013,62.0,33.0,3.0,6.00
255,Puerto Rico,PRI,AME,2012,63.0,33.0,3.0,4.90
256,Qatar,QAT,MENA,2019,62.0,30.0,7.0,8.00
257,Qatar,QAT,MENA,2018,62.0,33.0,7.0,8.08
258,Qatar,QAT,MENA,2017,63.0,29.0,7.0,7.50
259,Qatar,QAT,MENA,2016,61.0,31.0,7.0,7.02
260,Qatar,QAT,MENA,2015,71.0,22.0,6.0,6.63
261,Qatar,QAT,MENA,2014,69.0,27.0,6.0,7.21
262,Qatar,QAT,MENA,2013,68.0,28.0,6.0,7.20
263,Qatar,QAT,MENA,2012,68.0,27.0,6.0,6.40
264,Spain,ESP,WE/EU,2019,62.0,30.0,8.0,3.17
265,Spain,ESP,WE/EU,2018,58.0,41.0,8.0,4.33
266,Spain,ESP,WE/EU,2017,57.0,42.0,8.0,3.78
267,Spain,ESP,WE/EU,2016,58.0,41.0,7.0,4.09
268,Spain,ESP,WE/EU,2015,58.0,37.0,7.0,4.07
269,Spain,ESP,WE/EU,2014,60.0,38.0,7.0,3.75
270,Spain,ESP,WE/EU,2013,59.0,40.0,7.0,4.90
271,Spain,ESP,WE/EU,2012,65.0,30.0,7.0,2.90
272,Botswana,BWA,SSA,2019,61.0,34.0,7.0,3.73
273,Botswana,BWA,SSA,2018,61.0,34.0,7.0,2.76
274,Botswana,BWA,SSA,2017,61.0,34.0,7.0,2.74
275,Botswana,BWA,SSA,2016,60.0,35.0,6.0,3.10
276,Botswana,BWA,SSA,2015,63.0,29.0,6.0,2.35
277,Botswana,BWA,SSA,2014,63.0,31.0,6.0,1.93
278,Botswana,BWA,SSA,2013,64.0,30.0,7.0,1.60
279,Botswana,BWA,SSA,2012,65.0,30.0,7.0,1.90
280,Brunei Darussalam,BRN,AP,2019,60.0,35.0,3.0,6.12
281,Brunei Darussalam,BRN,AP,2018,63.0,31.0,3.0,6.62
282,Brunei Darussalam,BRN,AP,2017,62.0,32.0,3.0,8.72
283,Brunei Darussalam,BRN,AP,2016,58.0,41.0,3.0,8.85
284,Brunei Darussalam,BRN,AP,2015,,,,
285,Brunei Darussalam,BRN,AP,2014,,,,
286,Brunei Darussalam,BRN,AP,2013,60.0,38.0,3.0,10.40
287,Brunei Darussalam,BRN,AP,2012,55.0,46.0,3.0,9.10
288,Israel,ISR,MENA,2019,60.0,35.0,7.0,1.99
289,Israel,ISR,MENA,2018,61.0,34.0,7.0,1.49
290,Israel,ISR,MENA,2017,62.0,32.0,7.0,2.19
291,Israel,ISR,MENA,2016,64.0,28.0,6.0,2.27
292,Israel,ISR,MENA,2015,61.0,32.0,6.0,2.78
293,Israel,ISR,MENA,2014,60.0,38.0,6.0,2.34
294,Israel,ISR,MENA,2013,61.0,36.0,6.0,1.60
295,Israel,ISR,MENA,2012,60.0,39.0,5.0,2.90
296,Slovenia,SVN,WE/EU,2019,60.0,35.0,10.0,2.28
297,Slovenia,SVN,WE/EU,2018,60.0,36.0,10.0,2.37
298,Slovenia,SVN,WE/EU,2017,61.0,34.0,10.0,2.78
299,Slovenia,SVN,WE/EU,2016,61.0,31.0,10.0,2.44
300,Slovenia,SVN,WE/EU,2015,60.0,34.0,9.0,2.93
301,Slovenia,SVN,WE/EU,2014,58.0,40.0,9.0,3.03
302,Slovenia,SVN,WE/EU,2013,57.0,43.0,9.0,3.60
303,Slovenia,SVN,WE/EU,2012,61.0,37.0,8.0,3.90
304,Lithuania,LTU,WE/EU,2019,60.0,35.0,9.0,2.32
305,Lithuania,LTU,WE/EU,2018,59.0,38.0,9.0,2.30
306,Lithuania,LTU,WE/EU,2017,59.0,38.0,9.0,2.21
307,Lithuania,LTU,WE/EU,2016,59.0,38.0,9.0,1.36
308,Lithuania,LTU,WE/EU,2015,59.0,36.0,8.0,1.92
309,Lithuania,LTU,WE/EU,2014,58.0,40.0,8.0,3.85
310,Lithuania,LTU,WE/EU,2013,57.0,43.0,8.0,3.80
311,Lithuania,LTU,WE/EU,2012,54.0,48.0,7.0,5.30
312,Saint Vincent and the Grenadines,VCT,AME,2019,59.0,39.0,3.0,4.14
313,Saint Vincent and the Grenadines,VCT,AME,2018,58.0,41.0,3.0,3.39
314,Saint Vincent and the Grenadines,VCT,AME,2017,58.0,40.0,3.0,3.39
315,Saint Vincent and the Grenadines,VCT,AME,2016,60.0,35.0,3.0,1.66
316,Saint Vincent and the Grenadines,VCT,AME,2015,,,,
317,Saint Vincent and the Grenadines,VCT,AME,2014,62.0,35.0,3.0,5.59
318,Saint Vincent and the Grenadines,VCT,AME,2013,62.0,33.0,3.0,5.60
319,Saint Vincent and the Grenadines,VCT,AME,2012,62.0,36.0,3.0,5.60
320,"Korea, South",KOR,AP,2019,59.0,39.0,10.0,2.44
321,"Korea, South",KOR,AP,2018,57.0,45.0,10.0,2.74
322,"Korea, South",KOR,AP,2017,54.0,51.0,10.0,2.24
323,"Korea, South",KOR,AP,2016,53.0,52.0,9.0,2.33
324,"Korea, South",KOR,AP,2015,54.0,43.0,9.0,2.29
325,"Korea, South",KOR,AP,2014,55.0,44.0,9.0,2.64
326,"Korea, South",KOR,AP,2013,55.0,46.0,10.0,2.40
327,"Korea, South",KOR,AP,2012,56.0,45.0,10.0,2.40
328,Poland,POL,WE/EU,2019,58.0,41.0,10.0,1.85
329,Poland,POL,WE/EU,2018,60.0,36.0,10.0,1.69
330,Poland,POL,WE/EU,2017,60.0,36.0,10.0,1.36
331,Poland,POL,WE/EU,2016,62.0,29.0,10.0,1.77
332,Poland,POL,WE/EU,2015,63.0,29.0,9.0,2.59
333,Poland,POL,WE/EU,2014,61.0,36.0,9.0,2.70
334,Poland,POL,WE/EU,2013,60.0,38.0,10.0,2.30
335,Poland,POL,WE/EU,2012,58.0,41.0,10.0,2.00
336,Cyprus,CYP,WE/EU,2019,58.0,41.0,7.0,3.41
337,Cyprus,CYP,WE/EU,2018,59.0,38.0,7.0,3.54
338,Cyprus,CYP,WE/EU,2017,57.0,42.0,7.0,3.78
339,Cyprus,CYP,WE/EU,2016,55.0,47.0,5.0,5.94
340,Cyprus,CYP,WE/EU,2015,61.0,32.0,5.0,4.17
341,Cyprus,CYP,WE/EU,2014,63.0,31.0,5.0,3.92
342,Cyprus,CYP,WE/EU,2013,63.0,31.0,5.0,3.90
343,Cyprus,CYP,WE/EU,2012,66.0,29.0,4.0,2.40
344,Cabo Verde,CPV,SSA,2019,58.0,41.0,4.0,4.30
345,Cabo Verde,CPV,SSA,2018,57.0,45.0,4.0,4.22
346,Cabo Verde,CPV,SSA,2017,55.0,48.0,4.0,4.19
347,Cabo Verde,CPV,SSA,2016,59.0,38.0,3.0,5.72
348,Cabo Verde,CPV,SSA,2015,55.0,40.0,4.0,6.16
349,Cabo Verde,CPV,SSA,2014,57.0,43.0,4.0,5.94
350,Cabo Verde,CPV,SSA,2013,58.0,41.0,4.0,4.80
351,Cabo Verde,CPV,SSA,2012,60.0,39.0,4.0,3.80
352,Costa Rica,CRI,AME,2019,56.0,44.0,7.0,3.97
353,Costa Rica,CRI,AME,2018,56.0,48.0,7.0,3.65
354,Costa Rica,CRI,AME,2017,59.0,38.0,7.0,2.98
355,Costa Rica,CRI,AME,2016,58.0,41.0,7.0,3.17
356,Costa Rica,CRI,AME,2015,55.0,40.0,6.0,2.71
357,Costa Rica,CRI,AME,2014,54.0,48.0,5.0,4.07
358,Costa Rica,CRI,AME,2013,53.0,49.0,5.0,4.10
359,Costa Rica,CRI,AME,2012,54.0,48.0,5.0,7.00
360,Latvia,LVA,WE/EU,2019,56.0,44.0,9.0,3.53
361,Latvia,LVA,WE/EU,2018,58.0,41.0,9.0,2.95
362,Latvia,LVA,WE/EU,2017,58.0,40.0,9.0,3.21
363,Latvia,LVA,WE/EU,2016,57.0,44.0,9.0,2.96
364,Latvia,LVA,WE/EU,2015,56.0,38.0,8.0,2.76
365,Latvia,LVA,WE/EU,2014,55.0,44.0,8.0,3.35
366,Latvia,LVA,WE/EU,2013,53.0,49.0,8.0,3.60
367,Latvia,LVA,WE/EU,2012,49.0,54.0,6.0,4.00
368,Czech Republic,CZE,WE/EU,2019,56.0,44.0,10.0,1.87
369,Czech Republic,CZE,WE/EU,2018,59.0,38.0,10.0,2.28
370,Czech Republic,CZE,WE/EU,2017,57.0,42.0,10.0,1.98
371,Czech Republic,CZE,WE/EU,2016,55.0,47.0,9.0,2.24
372,Czech Republic,CZE,WE/EU,2015,56.0,38.0,9.0,2.21
373,Czech Republic,CZE,WE/EU,2014,51.0,53.0,9.0,2.94
374,Czech Republic,CZE,WE/EU,2013,48.0,57.0,10.0,3.00
375,Czech Republic,CZE,WE/EU,2012,49.0,54.0,10.0,2.90
376,Georgia,GEO,ECA,2019,56.0,44.0,5.0,3.84
377,Georgia,GEO,ECA,2018,58.0,41.0,6.0,3.92
378,Georgia,GEO,ECA,2017,56.0,46.0,6.0,3.10
379,Georgia,GEO,ECA,2016,57.0,44.0,6.0,3.61
380,Georgia,GEO,ECA,2015,52.0,48.0,5.0,6.53
381,Georgia,GEO,ECA,2014,52.0,51.0,6.0,6.47
382,Georgia,GEO,ECA,2013,49.0,55.0,6.0,6.90
383,Georgia,GEO,ECA,2012,52.0,51.0,6.0,6.00
384,Dominica,DMA,AME,2019,55.0,48.0,3.0,2.16
385,Dominica,DMA,AME,2018,57.0,45.0,3.0,2.55
386,Dominica,DMA,AME,2017,57.0,42.0,3.0,2.55
387,Dominica,DMA,AME,2016,59.0,38.0,3.0,0.85
388,Dominica,DMA,AME,2015,,,,
389,Dominica,DMA,AME,2014,58.0,40.0,3.0,2.34
390,Dominica,DMA,AME,2013,58.0,41.0,3.0,2.30
391,Dominica,DMA,AME,2012,58.0,41.0,3.0,2.30
392,Saint Lucia,LCA,AME,2019,55.0,48.0,3.0,4.15
393,Saint Lucia,LCA,AME,2018,55.0,50.0,3.0,4.27
394,Saint Lucia,LCA,AME,2017,55.0,48.0,3.0,4.27
395,Saint Lucia,LCA,AME,2016,60.0,35.0,3.0,6.80
396,Saint Lucia,LCA,AME,2015,,,,
397,Saint Lucia,LCA,AME,2014,71.0,24.0,3.0,0.84
398,Saint Lucia,LCA,AME,2013,71.0,22.0,3.0,0.80
399,Saint Lucia,LCA,AME,2012,71.0,22.0,3.0,0.80
400,Malta,MLT,WE/EU,2019,54.0,50.0,6.0,1.55
401,Malta,MLT,WE/EU,2018,54.0,51.0,5.0,1.39
402,Malta,MLT,WE/EU,2017,56.0,46.0,5.0,1.18
403,Malta,MLT,WE/EU,2016,55.0,47.0,5.0,1.39
404,Malta,MLT,WE/EU,2015,60.0,34.0,4.0,1.32
405,Malta,MLT,WE/EU,2014,55.0,44.0,5.0,2.63
406,Malta,MLT,WE/EU,2013,56.0,45.0,5.0,2.40
407,Malta,MLT,WE/EU,2012,57.0,43.0,4.0,2.40
408,Rwanda,RWA,SSA,2019,53.0,51.0,7.0,4.75
409,Rwanda,RWA,SSA,2018,56.0,48.0,6.0,6.07
410,Rwanda,RWA,SSA,2017,55.0,48.0,6.0,6.00
411,Rwanda,RWA,SSA,2016,54.0,50.0,6.0,5.07
412,Rwanda,RWA,SSA,2015,54.0,43.0,5.0,6.42
413,Rwanda,RWA,SSA,2014,49.0,55.0,4.0,3.23
414,Rwanda,RWA,SSA,2013,53.0,49.0,5.0,5.70
415,Rwanda,RWA,SSA,2012,53.0,50.0,5.0,6.30
416,Grenada,GRD,AME,2019,53.0,51.0,3.0,4.37
417,Grenada,GRD,AME,2018,52.0,53.0,3.0,3.00
418,Grenada,GRD,AME,2017,52.0,52.0,3.0,3.00
419,Grenada,GRD,AME,2016,56.0,46.0,3.0,4.63
420,Grenada,GRD,AME,2015,,,,
421,Grenada,GRD,AME,2014,,,,
422,Grenada,GRD,AME,2013,,,,
423,Grenada,GRD,AME,2012,,,,
424,Italy,ITA,WE/EU,2019,53.0,51.0,8.0,3.22
425,Italy,ITA,WE/EU,2018,52.0,53.0,8.0,3.29
426,Italy,ITA,WE/EU,2017,50.0,54.0,8.0,3.72
427,Italy,ITA,WE/EU,2016,47.0,60.0,7.0,3.34
428,Italy,ITA,WE/EU,2015,44.0,61.0,7.0,2.50
429,Italy,ITA,WE/EU,2014,43.0,69.0,7.0,2.26
430,Italy,ITA,WE/EU,2013,43.0,69.0,7.0,2.50
431,Italy,ITA,WE/EU,2012,42.0,72.0,7.0,2.40
432,Saudi Arabia,SAU,MENA,2019,53.0,51.0,7.0,7.56
433,Saudi Arabia,SAU,MENA,2018,49.0,58.0,7.0,6.34
434,Saudi Arabia,SAU,MENA,2017,49.0,57.0,7.0,6.14
435,Saudi Arabia,SAU,MENA,2016,46.0,62.0,5.0,7.54
436,Saudi Arabia,SAU,MENA,2015,52.0,48.0,5.0,7.03
437,Saudi Arabia,SAU,MENA,2014,49.0,55.0,5.0,6.69
438,Saudi Arabia,SAU,MENA,2013,46.0,63.0,5.0,6.70
439,Saudi Arabia,SAU,MENA,2012,44.0,66.0,5.0,6.40
440,Malaysia,MYS,AP,2019,53.0,51.0,9.0,2.29
441,Malaysia,MYS,AP,2018,47.0,61.0,9.0,2.86
442,Malaysia,MYS,AP,2017,47.0,62.0,9.0,2.67
443,Malaysia,MYS,AP,2016,49.0,55.0,8.0,2.46
444,Malaysia,MYS,AP,2015,50.0,54.0,8.0,3.00
445,Malaysia,MYS,AP,2014,52.0,51.0,8.0,2.88
446,Malaysia,MYS,AP,2013,50.0,53.0,9.0,3.40
447,Malaysia,MYS,AP,2012,49.0,54.0,9.0,3.40
448,Namibia,NAM,SSA,2019,52.0,56.0,7.0,3.13
449,Namibia,NAM,SSA,2018,53.0,52.0,6.0,3.72
450,Namibia,NAM,SSA,2017,51.0,53.0,6.0,3.22
451,Namibia,NAM,SSA,2016,52.0,53.0,5.0,2.03
452,Namibia,NAM,SSA,2015,53.0,45.0,5.0,2.75
453,Namibia,NAM,SSA,2014,49.0,55.0,5.0,4.00
454,Namibia,NAM,SSA,2013,48.0,57.0,6.0,3.40
455,Namibia,NAM,SSA,2012,48.0,58.0,6.0,3.50
456,Mauritius,MUS,SSA,2019,52.0,56.0,6.0,3.12
457,Mauritius,MUS,SSA,2018,51.0,56.0,5.0,3.83
458,Mauritius,MUS,SSA,2017,50.0,54.0,5.0,4.41
459,Mauritius,MUS,SSA,2016,54.0,50.0,4.0,2.14
460,Mauritius,MUS,SSA,2015,53.0,45.0,4.0,1.49
461,Mauritius,MUS,SSA,2014,54.0,48.0,4.0,2.39
462,Mauritius,MUS,SSA,2013,52.0,52.0,5.0,1.10
463,Mauritius,MUS,SSA,2012,57.0,43.0,5.0,3.50
464,Oman,OMN,MENA,2019,52.0,56.0,6.0,9.78
465,Oman,OMN,MENA,2018,52.0,53.0,6.0,9.46
466,Oman,OMN,MENA,2017,44.0,68.0,5.0,7.00
467,Oman,OMN,MENA,2016,45.0,64.0,5.0,7.07
468,Oman,OMN,MENA,2015,45.0,60.0,5.0,6.69
469,Oman,OMN,MENA,2014,45.0,64.0,5.0,6.55
470,Oman,OMN,MENA,2013,47.0,61.0,5.0,7.80
471,Oman,OMN,MENA,2012,47.0,61.0,5.0,7.60
472,Slovakia,SVK,WE/EU,2019,50.0,59.0,9.0,4.57
473,Slovakia,SVK,WE/EU,2018,50.0,57.0,9.0,4.11
474,Slovakia,SVK,WE/EU,2017,50.0,54.0,9.0,3.32
475,Slovakia,SVK,WE/EU,2016,51.0,54.0,8.0,3.09
476,Slovakia,SVK,WE/EU,2015,51.0,50.0,8.0,3.63
477,Slovakia,SVK,WE/EU,2014,50.0,54.0,8.0,4.07
478,Slovakia,SVK,WE/EU,2013,47.0,61.0,8.0,4.70
479,Slovakia,SVK,WE/EU,2012,46.0,62.0,8.0,4.30
480,Jordan,JOR,MENA,2019,48.0,60.0,8.0,3.29
481,Jordan,JOR,MENA,2018,49.0,58.0,8.0,3.21
482,Jordan,JOR,MENA,2017,48.0,59.0,8.0,2.99
483,Jordan,JOR,MENA,2016,48.0,57.0,8.0,3.03
484,Jordan,JOR,MENA,2015,53.0,45.0,7.0,3.00
485,Jordan,JOR,MENA,2014,49.0,55.0,7.0,2.87
486,Jordan,JOR,MENA,2013,45.0,66.0,7.0,2.40
487,Jordan,JOR,MENA,2012,48.0,58.0,7.0,3.10
488,Greece,GRC,WE/EU,2019,48.0,60.0,8.0,2.57
489,Greece,GRC,WE/EU,2018,45.0,67.0,8.0,2.51
490,Greece,GRC,WE/EU,2017,48.0,59.0,8.0,2.98
491,Greece,GRC,WE/EU,2016,44.0,69.0,7.0,2.50
492,Greece,GRC,WE/EU,2015,46.0,58.0,7.0,5.08
493,Greece,GRC,WE/EU,2014,43.0,69.0,7.0,5.56
494,Greece,GRC,WE/EU,2013,40.0,80.0,7.0,4.50
495,Greece,GRC,WE/EU,2012,36.0,94.0,7.0,3.60
496,Cuba,CUB,AME,2019,48.0,60.0,5.0,1.87
497,Cuba,CUB,AME,2018,47.0,61.0,5.0,2.56
498,Cuba,CUB,AME,2017,47.0,62.0,5.0,2.36
499,Cuba,CUB,AME,2016,47.0,60.0,5.0,2.90
500,Cuba,CUB,AME,2015,47.0,56.0,4.0,3.64
501,Cuba,CUB,AME,2014,46.0,63.0,4.0,4.46
502,Cuba,CUB,AME,2013,46.0,63.0,4.0,4.50
503,Cuba,CUB,AME,2012,48.0,58.0,4.0,4.10
504,Croatia,HRV,WE/EU,2019,47.0,63.0,10.0,2.42
505,Croatia,HRV,WE/EU,2018,48.0,60.0,10.0,2.77
506,Croatia,HRV,WE/EU,2017,49.0,57.0,10.0,2.64
507,Croatia,HRV,WE/EU,2016,49.0,55.0,9.0,2.39
508,Croatia,HRV,WE/EU,2015,51.0,50.0,9.0,2.02
509,Croatia,HRV,WE/EU,2014,48.0,61.0,9.0,3.25
510,Croatia,HRV,WE/EU,2013,48.0,57.0,9.0,3.30
511,Croatia,HRV,WE/EU,2012,46.0,62.0,8.0,3.10
512,Sao Tome and Principe,STP,SSA,2019,46.0,64.0,4.0,5.36
513,Sao Tome and Principe,STP,SSA,2018,46.0,64.0,4.0,5.05
514,Sao Tome and Principe,STP,SSA,2017,46.0,64.0,4.0,5.21
515,Sao Tome and Principe,STP,SSA,2016,46.0,62.0,3.0,0.93
516,Sao Tome and Principe,STP,SSA,2015,42.0,66.0,3.0,5.00
517,Sao Tome and Principe,STP,SSA,2014,42.0,76.0,3.0,5.05
518,Sao Tome and Principe,STP,SSA,2013,42.0,72.0,3.0,5.00
519,Sao Tome and Principe,STP,SSA,2012,42.0,72.0,3.0,5.00
520,Vanuatu,VUT,AP,2019,46.0,64.0,3.0,6.38
521,Vanuatu,VUT,AP,2018,46.0,64.0,3.0,5.97
522,Vanuatu,VUT,AP,2017,43.0,71.0,3.0,3.93
523,Vanuatu,VUT,AP,2016,,,,
524,Vanuatu,VUT,AP,2015,,,,
525,Vanuatu,VUT,AP,2014,,,,
526,Vanuatu,VUT,AP,2013,,,,
527,Vanuatu,VUT,AP,2012,,,,
528,Montenegro,MNE,ECA,2019,45.0,66.0,5.0,4.84
529,Montenegro,MNE,ECA,2018,45.0,67.0,5.0,4.43
530,Montenegro,MNE,ECA,2017,46.0,64.0,5.0,2.45
531,Montenegro,MNE,ECA,2016,45.0,64.0,4.0,2.89
532,Montenegro,MNE,ECA,2015,44.0,61.0,4.0,4.87
533,Montenegro,MNE,ECA,2014,42.0,76.0,4.0,4.25
534,Montenegro,MNE,ECA,2013,44.0,67.0,4.0,2.20
535,Montenegro,MNE,ECA,2012,41.0,75.0,4.0,4.50
536,Senegal,SEN,SSA,2019,45.0,66.0,9.0,2.06
537,Senegal,SEN,SSA,2018,45.0,67.0,9.0,2.51
538,Senegal,SEN,SSA,2017,45.0,66.0,9.0,2.52
539,Senegal,SEN,SSA,2016,45.0,64.0,8.0,2.63
540,Senegal,SEN,SSA,2015,44.0,61.0,8.0,2.61
541,Senegal,SEN,SSA,2014,43.0,69.0,8.0,2.28
542,Senegal,SEN,SSA,2013,41.0,77.0,9.0,1.50
543,Senegal,SEN,SSA,2012,36.0,94.0,9.0,1.80
544,Belarus,BLR,ECA,2019,45.0,66.0,7.0,4.20
545,Belarus,BLR,ECA,2018,44.0,70.0,7.0,3.92
546,Belarus,BLR,ECA,2017,44.0,68.0,7.0,4.12
547,Belarus,BLR,ECA,2016,40.0,79.0,7.0,3.93
548,Belarus,BLR,ECA,2015,32.0,106.0,6.0,4.37
549,Belarus,BLR,ECA,2014,31.0,119.0,5.0,4.04
550,Belarus,BLR,ECA,2013,29.0,123.0,5.0,4.00
551,Belarus,BLR,ECA,2012,31.0,123.0,5.0,3.60
552,Argentina,ARG,AME,2019,45.0,66.0,8.0,3.29
553,Argentina,ARG,AME,2018,40.0,85.0,8.0,2.70
554,Argentina,ARG,AME,2017,39.0,85.0,8.0,2.92
555,Argentina,ARG,AME,2016,36.0,95.0,8.0,1.76
556,Argentina,ARG,AME,2015,32.0,106.0,7.0,1.84
557,Argentina,ARG,AME,2014,34.0,107.0,7.0,2.42
558,Argentina,ARG,AME,2013,34.0,106.0,8.0,2.40
559,Argentina,ARG,AME,2012,35.0,102.0,8.0,2.60
560,Romania,ROU,WE/EU,2019,44.0,70.0,10.0,2.76
561,Romania,ROU,WE/EU,2018,47.0,61.0,10.0,3.25
562,Romania,ROU,WE/EU,2017,48.0,59.0,10.0,3.12
563,Romania,ROU,WE/EU,2016,48.0,57.0,10.0,3.00
564,Romania,ROU,WE/EU,2015,46.0,58.0,9.0,3.11
565,Romania,ROU,WE/EU,2014,43.0,69.0,9.0,3.60
566,Romania,ROU,WE/EU,2013,43.0,69.0,9.0,3.00
567,Romania,ROU,WE/EU,2012,44.0,66.0,8.0,3.70
568,Hungary,HUN,WE/EU,2019,44.0,70.0,10.0,2.58
569,Hungary,HUN,WE/EU,2018,46.0,64.0,10.0,2.79
570,Hungary,HUN,WE/EU,2017,45.0,66.0,10.0,2.89
571,Hungary,HUN,WE/EU,2016,48.0,57.0,9.0,2.89
572,Hungary,HUN,WE/EU,2015,51.0,50.0,9.0,3.73
573,Hungary,HUN,WE/EU,2014,54.0,48.0,9.0,3.45
574,Hungary,HUN,WE/EU,2013,54.0,47.0,10.0,3.60
575,Hungary,HUN,WE/EU,2012,55.0,46.0,10.0,3.50
576,South Africa,ZAF,SSA,2019,44.0,70.0,8.0,3.44
577,South Africa,ZAF,SSA,2018,43.0,73.0,8.0,3.80
578,South Africa,ZAF,SSA,2017,43.0,71.0,8.0,3.98
579,South Africa,ZAF,SSA,2016,45.0,64.0,7.0,2.55
580,South Africa,ZAF,SSA,2015,44.0,61.0,7.0,2.61
581,South Africa,ZAF,SSA,2014,44.0,67.0,7.0,2.41
582,South Africa,ZAF,SSA,2013,42.0,72.0,9.0,2.80
583,South Africa,ZAF,SSA,2012,43.0,69.0,9.0,2.50
584,Suriname,SUR,AME,2019,44.0,70.0,4.0,4.76
585,Suriname,SUR,AME,2018,43.0,73.0,4.0,3.22
586,Suriname,SUR,AME,2017,41.0,77.0,4.0,4.08
587,Suriname,SUR,AME,2016,45.0,64.0,4.0,7.53
588,Suriname,SUR,AME,2015,36.0,88.0,3.0,3.21
589,Suriname,SUR,AME,2014,36.0,100.0,3.0,3.25
590,Suriname,SUR,AME,2013,36.0,94.0,3.0,3.20
591,Suriname,SUR,AME,2012,37.0,88.0,3.0,3.20
592,Jamaica,JAM,AME,2019,43.0,74.0,7.0,3.58
593,Jamaica,JAM,AME,2018,44.0,70.0,7.0,3.37
594,Jamaica,JAM,AME,2017,44.0,68.0,7.0,3.96
595,Jamaica,JAM,AME,2016,39.0,83.0,6.0,1.84
596,Jamaica,JAM,AME,2015,41.0,69.0,6.0,1.68
597,Jamaica,JAM,AME,2014,38.0,85.0,6.0,1.80
598,Jamaica,JAM,AME,2013,38.0,83.0,6.0,1.80
599,Jamaica,JAM,AME,2012,38.0,83.0,6.0,2.20
600,Bulgaria,BGR,WE/EU,2019,43.0,74.0,10.0,2.77
601,Bulgaria,BGR,WE/EU,2018,42.0,77.0,10.0,2.41
602,Bulgaria,BGR,WE/EU,2017,43.0,71.0,10.0,2.66
603,Bulgaria,BGR,WE/EU,2016,41.0,75.0,9.0,2.20
604,Bulgaria,BGR,WE/EU,2015,41.0,69.0,9.0,2.43
605,Bulgaria,BGR,WE/EU,2014,43.0,69.0,9.0,2.82
606,Bulgaria,BGR,WE/EU,2013,41.0,77.0,9.0,3.30
607,Bulgaria,BGR,WE/EU,2012,41.0,75.0,8.0,3.80
608,Tunisia,TUN,MENA,2019,43.0,74.0,7.0,3.94
609,Tunisia,TUN,MENA,2018,43.0,73.0,7.0,3.86
610,Tunisia,TUN,MENA,2017,42.0,74.0,7.0,3.73
611,Tunisia,TUN,MENA,2016,41.0,75.0,7.0,3.90
612,Tunisia,TUN,MENA,2015,38.0,76.0,6.0,2.17
613,Tunisia,TUN,MENA,2014,40.0,79.0,6.0,1.72
614,Tunisia,TUN,MENA,2013,41.0,77.0,7.0,1.90
615,Tunisia,TUN,MENA,2012,41.0,75.0,7.0,2.80
616,Solomon Islands,SLB,AP,2019,42.0,77.0,3.0,8.69
617,Solomon Islands,SLB,AP,2018,44.0,70.0,3.0,7.38
618,Solomon Islands,SLB,AP,2017,39.0,85.0,3.0,3.71
619,Solomon Islands,SLB,AP,2016,42.0,72.0,3.0,3.34
620,Solomon Islands,SLB,AP,2015,,,,
621,Solomon Islands,SLB,AP,2014,,,,
622,Solomon Islands,SLB,AP,2013,,,,
623,Solomon Islands,SLB,AP,2012,,,,
624,Bahrain,BHR,MENA,2019,42.0,77.0,6.0,7.65
625,Bahrain,BHR,MENA,2018,36.0,99.0,4.0,1.81
626,Bahrain,BHR,MENA,2017,36.0,103.0,4.0,1.81
627,Bahrain,BHR,MENA,2016,43.0,70.0,5.0,5.96
628,Bahrain,BHR,MENA,2015,51.0,50.0,5.0,7.86
629,Bahrain,BHR,MENA,2014,49.0,55.0,5.0,6.11
630,Bahrain,BHR,MENA,2013,48.0,57.0,5.0,5.40
631,Bahrain,BHR,MENA,2012,51.0,53.0,5.0,4.10
632,Armenia,ARM,ECA,2019,42.0,77.0,6.0,4.31
633,Armenia,ARM,ECA,2018,35.0,105.0,6.0,4.00
634,Armenia,ARM,ECA,2017,35.0,107.0,6.0,3.79
635,Armenia,ARM,ECA,2016,33.0,113.0,6.0,4.01
636,Armenia,ARM,ECA,2015,35.0,95.0,5.0,2.98
637,Armenia,ARM,ECA,2014,37.0,94.0,6.0,3.69
638,Armenia,ARM,ECA,2013,36.0,94.0,6.0,3.50
639,Armenia,ARM,ECA,2012,34.0,105.0,6.0,2.70
640,China,CHN,AP,2019,41.0,80.0,8.0,2.10
641,China,CHN,AP,2018,39.0,87.0,8.0,2.02
642,China,CHN,AP,2017,41.0,77.0,9.0,1.96
643,China,CHN,AP,2016,40.0,79.0,8.0,2.39
644,China,CHN,AP,2015,37.0,83.0,8.0,2.34
645,China,CHN,AP,2014,36.0,100.0,8.0,2.17
646,China,CHN,AP,2013,40.0,80.0,9.0,2.90
647,China,CHN,AP,2012,39.0,80.0,9.0,2.90
648,Morocco,MAR,MENA,2019,41.0,80.0,7.0,3.15
649,Morocco,MAR,MENA,2018,43.0,73.0,7.0,3.68
650,Morocco,MAR,MENA,2017,40.0,81.0,7.0,2.60
651,Morocco,MAR,MENA,2016,37.0,90.0,7.0,1.74
652,Morocco,MAR,MENA,2015,36.0,88.0,6.0,3.85
653,Morocco,MAR,MENA,2014,39.0,80.0,6.0,3.57
654,Morocco,MAR,MENA,2013,37.0,91.0,8.0,2.90
655,Morocco,MAR,MENA,2012,37.0,88.0,8.0,3.20
656,Ghana,GHA,SSA,2019,41.0,80.0,9.0,2.76
657,Ghana,GHA,SSA,2018,41.0,78.0,9.0,2.54
658,Ghana,GHA,SSA,2017,40.0,81.0,9.0,2.56
659,Ghana,GHA,SSA,2016,43.0,70.0,9.0,2.89
660,Ghana,GHA,SSA,2015,47.0,56.0,8.0,2.82
661,Ghana,GHA,SSA,2014,48.0,61.0,8.0,3.01
662,Ghana,GHA,SSA,2013,46.0,63.0,9.0,3.30
663,Ghana,GHA,SSA,2012,45.0,64.0,9.0,3.80
664,India,IND,AP,2019,41.0,80.0,9.0,1.60
665,India,IND,AP,2018,41.0,78.0,9.0,2.42
666,India,IND,AP,2017,40.0,81.0,9.0,2.16
667,India,IND,AP,2016,40.0,79.0,8.0,2.47
668,India,IND,AP,2015,38.0,76.0,8.0,3.14
669,India,IND,AP,2014,38.0,85.0,9.0,2.27
670,India,IND,AP,2013,36.0,94.0,10.0,2.20
671,India,IND,AP,2012,36.0,94.0,10.0,2.10
672,Benin,BEN,SSA,2019,41.0,80.0,7.0,2.64
673,Benin,BEN,SSA,2018,40.0,85.0,6.0,3.14
674,Benin,BEN,SSA,2017,39.0,85.0,6.0,4.17
675,Benin,BEN,SSA,2016,36.0,95.0,6.0,3.80
676,Benin,BEN,SSA,2015,37.0,83.0,5.0,4.43
677,Benin,BEN,SSA,2014,39.0,80.0,4.0,4.38
678,Benin,BEN,SSA,2013,36.0,94.0,6.0,3.40
679,Benin,BEN,SSA,2012,36.0,94.0,6.0,4.30
680,Burkina Faso,BFA,SSA,2019,40.0,85.0,8.0,2.54
681,Burkina Faso,BFA,SSA,2018,41.0,78.0,8.0,1.81
682,Burkina Faso,BFA,SSA,2017,42.0,74.0,7.0,2.18
683,Burkina Faso,BFA,SSA,2016,42.0,72.0,7.0,2.47
684,Burkina Faso,BFA,SSA,2015,38.0,76.0,7.0,2.97
685,Burkina Faso,BFA,SSA,2014,38.0,85.0,7.0,2.67
686,Burkina Faso,BFA,SSA,2013,38.0,83.0,7.0,3.90
687,Burkina Faso,BFA,SSA,2012,38.0,83.0,7.0,4.40
688,Lesotho,LSO,SSA,2019,40.0,85.0,6.0,3.95
689,Lesotho,LSO,SSA,2018,41.0,78.0,6.0,3.67
690,Lesotho,LSO,SSA,2017,42.0,74.0,6.0,4.08
691,Lesotho,LSO,SSA,2016,39.0,83.0,5.0,6.15
692,Lesotho,LSO,SSA,2015,44.0,61.0,5.0,4.99
693,Lesotho,LSO,SSA,2014,49.0,55.0,5.0,3.55
694,Lesotho,LSO,SSA,2013,49.0,55.0,5.0,3.60
695,Lesotho,LSO,SSA,2012,45.0,64.0,5.0,4.60
696,Trinidad and Tobago,TTO,AME,2019,40.0,85.0,7.0,5.38
697,Trinidad and Tobago,TTO,AME,2018,41.0,78.0,6.0,5.80
698,Trinidad and Tobago,TTO,AME,2017,41.0,77.0,6.0,5.47
699,Trinidad and Tobago,TTO,AME,2016,35.0,101.0,5.0,2.48
700,Trinidad and Tobago,TTO,AME,2015,39.0,72.0,4.0,4.64
701,Trinidad and Tobago,TTO,AME,2014,38.0,85.0,4.0,4.82
702,Trinidad and Tobago,TTO,AME,2013,38.0,83.0,4.0,5.10
703,Trinidad and Tobago,TTO,AME,2012,39.0,80.0,4.0,4.50
704,Kuwait,KWT,MENA,2019,40.0,85.0,6.0,1.88
705,Kuwait,KWT,MENA,2018,41.0,78.0,6.0,3.47
706,Kuwait,KWT,MENA,2017,39.0,85.0,6.0,2.47
707,Kuwait,KWT,MENA,2016,41.0,75.0,5.0,2.67
708,Kuwait,KWT,MENA,2015,49.0,55.0,5.0,4.51
709,Kuwait,KWT,MENA,2014,44.0,67.0,5.0,5.24
710,Kuwait,KWT,MENA,2013,43.0,69.0,5.0,3.90
711,Kuwait,KWT,MENA,2012,44.0,66.0,5.0,3.90
712,Guyana,GUY,AME,2019,40.0,85.0,5.0,3.34
713,Guyana,GUY,AME,2018,37.0,93.0,5.0,0.77
714,Guyana,GUY,AME,2017,38.0,91.0,5.0,1.84
715,Guyana,GUY,AME,2016,34.0,108.0,6.0,3.57
716,Guyana,GUY,AME,2015,29.0,119.0,4.0,3.01
717,Guyana,GUY,AME,2014,30.0,124.0,4.0,3.03
718,Guyana,GUY,AME,2013,27.0,136.0,4.0,2.90
719,Guyana,GUY,AME,2012,28.0,133.0,4.0,2.10
720,Indonesia,IDN,AP,2019,40.0,85.0,9.0,3.76
721,Indonesia,IDN,AP,2018,38.0,89.0,9.0,3.35
722,Indonesia,IDN,AP,2017,37.0,96.0,9.0,3.12
723,Indonesia,IDN,AP,2016,37.0,90.0,8.0,2.39
724,Indonesia,IDN,AP,2015,36.0,88.0,8.0,3.39
725,Indonesia,IDN,AP,2014,34.0,107.0,8.0,3.57
726,Indonesia,IDN,AP,2013,32.0,114.0,9.0,3.50
727,Indonesia,IDN,AP,2012,32.0,118.0,9.0,2.90
728,Serbia,SRB,ECA,2019,39.0,91.0,8.0,2.48
729,Serbia,SRB,ECA,2018,39.0,87.0,8.0,2.89
730,Serbia,SRB,ECA,2017,41.0,77.0,8.0,2.80
731,Serbia,SRB,ECA,2016,42.0,72.0,7.0,3.69
732,Serbia,SRB,ECA,2015,40.0,71.0,7.0,3.90
733,Serbia,SRB,ECA,2014,41.0,78.0,7.0,2.92
734,Serbia,SRB,ECA,2013,42.0,72.0,7.0,3.40
735,Serbia,SRB,ECA,2012,39.0,80.0,7.0,2.60
736,Turkey,TUR,ECA,2019,39.0,91.0,9.0,3.34
737,Turkey,TUR,ECA,2018,41.0,78.0,9.0,3.03
738,Turkey,TUR,ECA,2017,40.0,81.0,8.0,1.80
739,Turkey,TUR,ECA,2016,41.0,75.0,9.0,1.80
740,Turkey,TUR,ECA,2015,42.0,66.0,8.0,2.02
741,Turkey,TUR,ECA,2014,45.0,64.0,8.0,2.69
742,Turkey,TUR,ECA,2013,50.0,53.0,9.0,2.40
743,Turkey,TUR,ECA,2012,49.0,54.0,9.0,2.10
744,Sri Lanka,LKA,AP,2019,38.0,93.0,7.0,2.11
745,Sri Lanka,LKA,AP,2018,38.0,89.0,7.0,1.85
746,Sri Lanka,LKA,AP,2017,38.0,91.0,7.0,1.82
747,Sri Lanka,LKA,AP,2016,36.0,95.0,7.0,1.64
748,Sri Lanka,LKA,AP,2015,37.0,83.0,7.0,2.09
749,Sri Lanka,LKA,AP,2014,38.0,85.0,7.0,2.18
750,Sri Lanka,LKA,AP,2013,37.0,91.0,7.0,2.10
751,Sri Lanka,LKA,AP,2012,40.0,79.0,7.0,1.30
752,Timor-Leste,TLS,AP,2019,38.0,93.0,4.0,4.50
753,Timor-Leste,TLS,AP,2018,35.0,105.0,3.0,4.81
754,Timor-Leste,TLS,AP,2017,38.0,91.0,3.0,7.50
755,Timor-Leste,TLS,AP,2016,35.0,101.0,3.0,5.97
756,Timor-Leste,TLS,AP,2015,28.0,123.0,3.0,5.17
757,Timor-Leste,TLS,AP,2014,28.0,133.0,3.0,5.18
758,Timor-Leste,TLS,AP,2013,30.0,119.0,3.0,3.20
759,Timor-Leste,TLS,AP,2012,33.0,113.0,3.0,5.60
760,Ecuador,ECU,AME,2019,38.0,93.0,7.0,2.19
761,Ecuador,ECU,AME,2018,34.0,114.0,7.0,3.46
762,Ecuador,ECU,AME,2017,32.0,117.0,7.0,2.66
763,Ecuador,ECU,AME,2016,31.0,120.0,6.0,1.96
764,Ecuador,ECU,AME,2015,32.0,106.0,6.0,2.86
765,Ecuador,ECU,AME,2014,33.0,110.0,5.0,3.56
766,Ecuador,ECU,AME,2013,35.0,102.0,6.0,3.60
767,Ecuador,ECU,AME,2012,32.0,118.0,6.0,2.90
768,Colombia,COL,AME,2019,37.0,96.0,8.0,2.49
769,Colombia,COL,AME,2018,36.0,99.0,8.0,2.51
770,Colombia,COL,AME,2017,37.0,96.0,8.0,2.77
771,Colombia,COL,AME,2016,37.0,90.0,8.0,2.27
772,Colombia,COL,AME,2015,37.0,83.0,7.0,1.94
773,Colombia,COL,AME,2014,37.0,94.0,7.0,1.68
774,Colombia,COL,AME,2013,36.0,94.0,7.0,2.00
775,Colombia,COL,AME,2012,36.0,94.0,7.0,2.60
776,Tanzania,TZA,SSA,2019,37.0,96.0,9.0,1.92
777,Tanzania,TZA,SSA,2018,36.0,99.0,9.0,1.83
778,Tanzania,TZA,SSA,2017,36.0,103.0,9.0,1.55
779,Tanzania,TZA,SSA,2016,32.0,116.0,9.0,1.84
780,Tanzania,TZA,SSA,2015,30.0,117.0,8.0,3.49
781,Tanzania,TZA,SSA,2014,31.0,119.0,8.0,3.20
782,Tanzania,TZA,SSA,2013,33.0,111.0,8.0,2.70
783,Tanzania,TZA,SSA,2012,35.0,102.0,8.0,2.10
784,Ethiopia,ETH,SSA,2019,37.0,96.0,9.0,1.52
785,Ethiopia,ETH,SSA,2018,34.0,114.0,8.0,1.52
786,Ethiopia,ETH,SSA,2017,35.0,107.0,9.0,1.36
787,Ethiopia,ETH,SSA,2016,34.0,108.0,9.0,1.37
788,Ethiopia,ETH,SSA,2015,33.0,102.0,8.0,2.73
789,Ethiopia,ETH,SSA,2014,33.0,110.0,8.0,2.54
790,Ethiopia,ETH,SSA,2013,33.0,111.0,8.0,2.50
791,Ethiopia,ETH,SSA,2012,33.0,113.0,8.0,1.60
792,Vietnam,VNM,AP,2019,37.0,96.0,8.0,2.84
793,Vietnam,VNM,AP,2018,33.0,117.0,8.0,2.84
794,Vietnam,VNM,AP,2017,35.0,107.0,8.0,2.78
795,Vietnam,VNM,AP,2016,33.0,113.0,8.0,2.46
796,Vietnam,VNM,AP,2015,31.0,111.0,8.0,2.56
797,Vietnam,VNM,AP,2014,31.0,119.0,8.0,2.55
798,Vietnam,VNM,AP,2013,31.0,116.0,8.0,2.60
799,Vietnam,VNM,AP,2012,31.0,123.0,8.0,2.50
800,Gambia,GMB,SSA,2019,37.0,96.0,7.0,5.98
801,Gambia,GMB,SSA,2018,37.0,93.0,6.0,9.44
802,Gambia,GMB,SSA,2017,30.0,130.0,6.0,6.22
803,Gambia,GMB,SSA,2016,26.0,145.0,5.0,7.20
804,Gambia,GMB,SSA,2015,28.0,123.0,5.0,6.67
805,Gambia,GMB,SSA,2014,29.0,126.0,5.0,7.55
806,Gambia,GMB,SSA,2013,28.0,127.0,5.0,6.70
807,Gambia,GMB,SSA,2012,34.0,105.0,5.0,7.00
808,Kosovo,KSV,ECA,2019,36.0,101.0,5.0,0.81
809,Kosovo,KSV,ECA,2018,37.0,93.0,5.0,1.49
810,Kosovo,KSV,ECA,2017,39.0,85.0,5.0,2.13
811,Kosovo,KSV,ECA,2016,36.0,95.0,5.0,3.17
812,Kosovo,KSV,ECA,2015,33.0,102.0,3.0,2.19
813,Kosovo,KSV,ECA,2014,33.0,110.0,3.0,2.33
814,Kosovo,KSV,ECA,2013,33.0,111.0,3.0,2.30
815,Kosovo,KSV,ECA,2012,34.0,105.0,3.0,1.50
816,Bosnia and Herzegovina,BIH,ECA,2019,36.0,101.0,7.0,1.95
817,Bosnia and Herzegovina,BIH,ECA,2018,38.0,89.0,7.0,1.86
818,Bosnia and Herzegovina,BIH,ECA,2017,38.0,91.0,7.0,2.56
819,Bosnia and Herzegovina,BIH,ECA,2016,39.0,83.0,7.0,1.70
820,Bosnia and Herzegovina,BIH,ECA,2015,38.0,76.0,6.0,1.71
821,Bosnia and Herzegovina,BIH,ECA,2014,39.0,80.0,6.0,1.15
822,Bosnia and Herzegovina,BIH,ECA,2013,42.0,72.0,7.0,2.90
823,Bosnia and Herzegovina,BIH,ECA,2012,42.0,72.0,7.0,2.30
824,Panama,PAN,AME,2019,36.0,101.0,7.0,1.37
825,Panama,PAN,AME,2018,37.0,93.0,7.0,1.76
826,Panama,PAN,AME,2017,37.0,96.0,7.0,1.79
827,Panama,PAN,AME,2016,38.0,87.0,6.0,2.29
828,Panama,PAN,AME,2015,39.0,72.0,6.0,3.01
829,Panama,PAN,AME,2014,37.0,94.0,6.0,3.49
830,Panama,PAN,AME,2013,35.0,102.0,6.0,2.20
831,Panama,PAN,AME,2012,38.0,83.0,6.0,3.10
832,Thailand,THA,AP,2019,36.0,101.0,9.0,2.45
833,Thailand,THA,AP,2018,36.0,99.0,9.0,2.08
834,Thailand,THA,AP,2017,37.0,96.0,9.0,2.03
835,Thailand,THA,AP,2016,35.0,101.0,9.0,2.44
836,Thailand,THA,AP,2015,38.0,76.0,8.0,2.12
837,Thailand,THA,AP,2014,38.0,85.0,8.0,1.60
838,Thailand,THA,AP,2013,35.0,102.0,8.0,1.20
839,Thailand,THA,AP,2012,37.0,88.0,8.0,1.60
840,Peru,PER,AME,2019,36.0,101.0,8.0,3.07
841,Peru,PER,AME,2018,35.0,105.0,8.0,3.10
842,Peru,PER,AME,2017,37.0,96.0,8.0,3.35
843,Peru,PER,AME,2016,35.0,101.0,7.0,2.04
844,Peru,PER,AME,2015,36.0,88.0,7.0,3.05
845,Peru,PER,AME,2014,38.0,85.0,7.0,2.63
846,Peru,PER,AME,2013,38.0,83.0,7.0,2.50
847,Peru,PER,AME,2012,38.0,83.0,7.0,2.10
848,Albania,ALB,ECA,2019,35.0,106.0,8.0,2.51
849,Albania,ALB,ECA,2018,36.0,99.0,8.0,1.65
850,Albania,ALB,ECA,2017,38.0,91.0,8.0,1.81
851,Albania,ALB,ECA,2016,39.0,83.0,7.0,1.99
852,Albania,ALB,ECA,2015,36.0,88.0,7.0,3.58
853,Albania,ALB,ECA,2014,33.0,110.0,7.0,1.51
854,Albania,ALB,ECA,2013,31.0,116.0,7.0,2.10
855,Albania,ALB,ECA,2012,33.0,113.0,7.0,2.00
856,Brazil,BRA,AME,2019,35.0,106.0,8.0,4.06
857,Brazil,BRA,AME,2018,35.0,105.0,8.0,4.05
858,Brazil,BRA,AME,2017,37.0,96.0,8.0,4.24
859,Brazil,BRA,AME,2016,40.0,79.0,8.0,4.34
860,Brazil,BRA,AME,2015,38.0,76.0,7.0,5.29
861,Brazil,BRA,AME,2014,43.0,69.0,7.0,4.01
862,Brazil,BRA,AME,2013,42.0,72.0,8.0,3.70
863,Brazil,BRA,AME,2012,43.0,69.0,8.0,3.30
864,Mongolia,MNG,AP,2019,35.0,106.0,9.0,1.89
865,Mongolia,MNG,AP,2018,37.0,93.0,9.0,1.94
866,Mongolia,MNG,AP,2017,36.0,103.0,9.0,1.40
867,Mongolia,MNG,AP,2016,38.0,87.0,9.0,1.70
868,Mongolia,MNG,AP,2015,39.0,72.0,8.0,1.76
869,Mongolia,MNG,AP,2014,39.0,80.0,7.0,2.13
870,Mongolia,MNG,AP,2013,38.0,83.0,7.0,2.20
871,Mongolia,MNG,AP,2012,36.0,94.0,7.0,2.60
872,Cote d'Ivoire,CIV,SSA,2019,35.0,106.0,9.0,2.49
873,Cote d'Ivoire,CIV,SSA,2018,35.0,105.0,9.0,2.05
874,Cote d'Ivoire,CIV,SSA,2017,36.0,103.0,8.0,2.03
875,Cote d'Ivoire,CIV,SSA,2016,34.0,108.0,8.0,2.03
876,Cote d'Ivoire,CIV,SSA,2015,32.0,106.0,8.0,2.65
877,Cote d'Ivoire,CIV,SSA,2014,32.0,115.0,8.0,4.20
878,Cote d'Ivoire,CIV,SSA,2013,27.0,136.0,8.0,2.30
879,Cote d'Ivoire,CIV,SSA,2012,29.0,130.0,8.0,2.40
880,North Macedonia,MKD,ECA,2019,35.0,106.0,7.0,3.56
881,North Macedonia,MKD,ECA,2018,37.0,93.0,7.0,3.38
882,North Macedonia,MKD,ECA,2017,35.0,107.0,6.0,4.49
883,North Macedonia,MKD,ECA,2016,37.0,90.0,7.0,4.97
884,North Macedonia,MKD,ECA,2015,42.0,66.0,6.0,5.27
885,North Macedonia,MKD,ECA,2014,45.0,64.0,6.0,5.92
886,North Macedonia,MKD,ECA,2013,44.0,67.0,6.0,5.00
887,North Macedonia,MKD,ECA,2012,43.0,69.0,6.0,4.70
888,Algeria,DZA,MENA,2019,35.0,106.0,7.0,2.59
889,Algeria,DZA,MENA,2018,35.0,105.0,6.0,1.21
890,Algeria,DZA,MENA,2017,33.0,112.0,6.0,2.32
891,Algeria,DZA,MENA,2016,34.0,108.0,6.0,2.94
892,Algeria,DZA,MENA,2015,36.0,88.0,5.0,1.85
893,Algeria,DZA,MENA,2014,36.0,100.0,5.0,2.06
894,Algeria,DZA,MENA,2013,36.0,94.0,6.0,2.80
895,Algeria,DZA,MENA,2012,34.0,105.0,6.0,3.30
896,Egypt,EGY,MENA,2019,35.0,106.0,7.0,4.86
897,Egypt,EGY,MENA,2018,35.0,105.0,7.0,4.59
898,Egypt,EGY,MENA,2017,32.0,117.0,7.0,4.04
899,Egypt,EGY,MENA,2016,34.0,108.0,6.0,2.72
900,Egypt,EGY,MENA,2015,36.0,88.0,6.0,2.47
901,Egypt,EGY,MENA,2014,37.0,94.0,6.0,2.91
902,Egypt,EGY,MENA,2013,32.0,114.0,7.0,3.10
903,Egypt,EGY,MENA,2012,32.0,118.0,7.0,3.10
904,Eswatini,SWZ,SSA,2019,34.0,113.0,4.0,6.08
905,Eswatini,SWZ,SSA,2018,38.0,89.0,3.0,4.48
906,Eswatini,SWZ,SSA,2017,39.0,85.0,3.0,5.81
907,Eswatini,SWZ,SSA,2016,,,,
908,Eswatini,SWZ,SSA,2015,,,,
909,Eswatini,SWZ,SSA,2014,43.0,69.0,3.0,2.98
910,Eswatini,SWZ,SSA,2013,39.0,82.0,4.0,1.80
911,Eswatini,SWZ,SSA,2012,37.0,88.0,4.0,2.10
912,Zambia,ZMB,SSA,2019,34.0,113.0,9.0,1.97
913,Zambia,ZMB,SSA,2018,35.0,105.0,9.0,1.93
914,Zambia,ZMB,SSA,2017,37.0,96.0,9.0,2.46
915,Zambia,ZMB,SSA,2016,38.0,87.0,9.0,2.91
916,Zambia,ZMB,SSA,2015,38.0,76.0,8.0,2.55
917,Zambia,ZMB,SSA,2014,38.0,85.0,8.0,2.27
918,Zambia,ZMB,SSA,2013,38.0,83.0,8.0,2.10
919,Zambia,ZMB,SSA,2012,37.0,88.0,8.0,3.10
920,Philippines,PHL,AP,2019,34.0,113.0,9.0,1.59
921,Philippines,PHL,AP,2018,36.0,99.0,9.0,1.55
922,Philippines,PHL,AP,2017,34.0,111.0,9.0,1.90
923,Philippines,PHL,AP,2016,35.0,101.0,9.0,1.58
924,Philippines,PHL,AP,2015,35.0,95.0,8.0,1.92
925,Philippines,PHL,AP,2014,38.0,85.0,8.0,1.84
926,Philippines,PHL,AP,2013,36.0,94.0,9.0,2.50
927,Philippines,PHL,AP,2012,34.0,105.0,9.0,2.20
928,El Salvador,SLV,AME,2019,34.0,113.0,7.0,2.56
929,El Salvador,SLV,AME,2018,35.0,105.0,7.0,2.59
930,El Salvador,SLV,AME,2017,33.0,112.0,7.0,3.25
931,El Salvador,SLV,AME,2016,36.0,95.0,7.0,2.76
932,El Salvador,SLV,AME,2015,39.0,72.0,6.0,2.26
933,El Salvador,SLV,AME,2014,39.0,80.0,6.0,1.98
934,El Salvador,SLV,AME,2013,38.0,83.0,6.0,2.00
935,El Salvador,SLV,AME,2012,38.0,83.0,6.0,2.80
936,Kazakhstan,KAZ,ECA,2019,34.0,113.0,9.0,4.18
937,Kazakhstan,KAZ,ECA,2018,31.0,124.0,9.0,3.60
938,Kazakhstan,KAZ,ECA,2017,31.0,122.0,9.0,3.59
939,Kazakhstan,KAZ,ECA,2016,29.0,131.0,9.0,3.35
940,Kazakhstan,KAZ,ECA,2015,28.0,123.0,8.0,4.90
941,Kazakhstan,KAZ,ECA,2014,29.0,126.0,8.0,4.40
942,Kazakhstan,KAZ,ECA,2013,26.0,140.0,8.0,3.30
943,Kazakhstan,KAZ,ECA,2012,28.0,133.0,8.0,4.10
944,Nepal,NPL,AP,2019,34.0,113.0,6.0,1.76
945,Nepal,NPL,AP,2018,31.0,124.0,6.0,1.85
946,Nepal,NPL,AP,2017,31.0,122.0,6.0,2.00
947,Nepal,NPL,AP,2016,29.0,131.0,6.0,2.33
948,Nepal,NPL,AP,2015,27.0,130.0,5.0,2.73
949,Nepal,NPL,AP,2014,29.0,126.0,5.0,2.20
950,Nepal,NPL,AP,2013,31.0,116.0,5.0,1.40
951,Nepal,NPL,AP,2012,27.0,139.0,5.0,2.40
952,Sierra Leone,SLE,SSA,2019,33.0,119.0,8.0,3.47
953,Sierra Leone,SLE,SSA,2018,30.0,129.0,9.0,2.17
954,Sierra Leone,SLE,SSA,2017,30.0,130.0,9.0,1.95
955,Sierra Leone,SLE,SSA,2016,30.0,123.0,8.0,2.94
956,Sierra Leone,SLE,SSA,2015,29.0,119.0,8.0,3.44
957,Sierra Leone,SLE,SSA,2014,31.0,119.0,8.0,2.30
958,Sierra Leone,SLE,SSA,2013,30.0,119.0,8.0,2.40
959,Sierra Leone,SLE,SSA,2012,31.0,123.0,8.0,1.90
960,Niger,NER,SSA,2019,32.0,120.0,7.0,1.72
961,Niger,NER,SSA,2018,34.0,114.0,6.0,2.98
962,Niger,NER,SSA,2017,33.0,112.0,6.0,3.27
963,Niger,NER,SSA,2016,35.0,101.0,5.0,3.25
964,Niger,NER,SSA,2015,34.0,98.0,5.0,4.16
965,Niger,NER,SSA,2014,35.0,103.0,5.0,3.99
966,Niger,NER,SSA,2013,34.0,106.0,5.0,3.70
967,Niger,NER,SSA,2012,33.0,113.0,5.0,3.10
968,Pakistan,PAK,AP,2019,32.0,120.0,8.0,2.46
969,Pakistan,PAK,AP,2018,33.0,117.0,8.0,2.06
970,Pakistan,PAK,AP,2017,32.0,117.0,8.0,2.11
971,Pakistan,PAK,AP,2016,32.0,116.0,7.0,2.12
972,Pakistan,PAK,AP,2015,30.0,117.0,7.0,3.12
973,Pakistan,PAK,AP,2014,29.0,126.0,7.0,3.24
974,Pakistan,PAK,AP,2013,28.0,127.0,8.0,3.00
975,Pakistan,PAK,AP,2012,27.0,139.0,8.0,2.30
976,Moldova,MDA,ECA,2019,32.0,120.0,9.0,2.40
977,Moldova,MDA,ECA,2018,33.0,117.0,9.0,2.13
978,Moldova,MDA,ECA,2017,31.0,122.0,9.0,1.54
979,Moldova,MDA,ECA,2016,30.0,123.0,9.0,2.18
980,Moldova,MDA,ECA,2015,33.0,102.0,8.0,2.88
981,Moldova,MDA,ECA,2014,35.0,103.0,8.0,2.70
982,Moldova,MDA,ECA,2013,35.0,102.0,8.0,2.80
983,Moldova,MDA,ECA,2012,36.0,94.0,8.0,2.60
984,Bolivia,BOL,AME,2019,31.0,123.0,7.0,3.00
985,Bolivia,BOL,AME,2018,29.0,132.0,7.0,3.60
986,Bolivia,BOL,AME,2017,33.0,112.0,6.0,2.98
987,Bolivia,BOL,AME,2016,33.0,113.0,8.0,2.85
988,Bolivia,BOL,AME,2015,34.0,98.0,7.0,3.58
989,Bolivia,BOL,AME,2014,35.0,103.0,7.0,2.98
990,Bolivia,BOL,AME,2013,34.0,106.0,7.0,3.70
991,Bolivia,BOL,AME,2012,34.0,105.0,7.0,3.70
992,Gabon,GAB,SSA,2019,31.0,123.0,6.0,2.41
993,Gabon,GAB,SSA,2018,31.0,124.0,4.0,3.92
994,Gabon,GAB,SSA,2017,32.0,117.0,4.0,3.22
995,Gabon,GAB,SSA,2016,35.0,101.0,4.0,0.97
996,Gabon,GAB,SSA,2015,34.0,98.0,4.0,1.65
997,Gabon,GAB,SSA,2014,37.0,94.0,4.0,4.19
998,Gabon,GAB,SSA,2013,34.0,106.0,5.0,1.50
999,Gabon,GAB,SSA,2012,35.0,102.0,5.0,2.10
1000,Malawi,MWI,SSA,2019,31.0,123.0,9.0,1.78
1001,Malawi,MWI,SSA,2018,32.0,120.0,9.0,2.61
1002,Malawi,MWI,SSA,2017,31.0,122.0,9.0,1.85
1003,Malawi,MWI,SSA,2016,31.0,120.0,9.0,2.11
1004,Malawi,MWI,SSA,2015,31.0,111.0,8.0,2.41
1005,Malawi,MWI,SSA,2014,33.0,110.0,8.0,3.03
1006,Malawi,MWI,SSA,2013,37.0,91.0,8.0,1.70
1007,Malawi,MWI,SSA,2012,37.0,88.0,8.0,1.50
1008,Djibouti,DJI,SSA,2019,30.0,126.0,5.0,4.28
1009,Djibouti,DJI,SSA,2018,31.0,124.0,4.0,5.38
1010,Djibouti,DJI,SSA,2017,31.0,122.0,4.0,5.32
1011,Djibouti,DJI,SSA,2016,30.0,123.0,3.0,8.23
1012,Djibouti,DJI,SSA,2015,34.0,98.0,3.0,9.07
1013,Djibouti,DJI,SSA,2014,34.0,107.0,3.0,9.10
1014,Djibouti,DJI,SSA,2013,36.0,94.0,3.0,8.60
1015,Djibouti,DJI,SSA,2012,36.0,94.0,3.0,8.60
1016,Azerbaijan,AZE,ECA,2019,30.0,126.0,7.0,7.16
1017,Azerbaijan,AZE,ECA,2018,25.0,152.0,6.0,4.09
1018,Azerbaijan,AZE,ECA,2017,31.0,122.0,7.0,5.64
1019,Azerbaijan,AZE,ECA,2016,30.0,123.0,7.0,5.13
1020,Azerbaijan,AZE,ECA,2015,29.0,119.0,6.0,3.25
1021,Azerbaijan,AZE,ECA,2014,29.0,126.0,6.0,3.02
1022,Azerbaijan,AZE,ECA,2013,28.0,127.0,6.0,3.50
1023,Azerbaijan,AZE,ECA,2012,27.0,139.0,6.0,2.50
1024,Ukraine,UKR,ECA,2019,30.0,126.0,9.0,2.38
1025,Ukraine,UKR,ECA,2018,32.0,120.0,9.0,2.27
1026,Ukraine,UKR,ECA,2017,30.0,130.0,9.0,2.27
1027,Ukraine,UKR,ECA,2016,29.0,131.0,9.0,1.97
1028,Ukraine,UKR,ECA,2015,27.0,130.0,8.0,1.93
1029,Ukraine,UKR,ECA,2014,26.0,142.0,8.0,1.64
1030,Ukraine,UKR,ECA,2013,25.0,144.0,8.0,1.70
1031,Ukraine,UKR,ECA,2012,26.0,144.0,8.0,1.80
1032,Kyrgyzstan,KGZ,ECA,2019,30.0,126.0,7.0,2.54
1033,Kyrgyzstan,KGZ,ECA,2018,29.0,132.0,7.0,2.37
1034,Kyrgyzstan,KGZ,ECA,2017,29.0,135.0,7.0,2.59
1035,Kyrgyzstan,KGZ,ECA,2016,28.0,136.0,7.0,2.08
1036,Kyrgyzstan,KGZ,ECA,2015,28.0,123.0,6.0,2.29
1037,Kyrgyzstan,KGZ,ECA,2014,27.0,136.0,6.0,2.35
1038,Kyrgyzstan,KGZ,ECA,2013,24.0,150.0,6.0,2.30
1039,Kyrgyzstan,KGZ,ECA,2012,24.0,154.0,6.0,1.80
1040,Maldives,MDV,AP,2019,29.0,130.0,3.0,2.57
1041,Maldives,MDV,AP,2018,31.0,124.0,3.0,2.24
1042,Maldives,MDV,AP,2017,33.0,112.0,3.0,1.71
1043,Maldives,MDV,AP,2016,36.0,95.0,3.0,5.66
1044,Maldives,MDV,AP,2015,,,,
1045,Maldives,MDV,AP,2014,,,,
1046,Maldives,MDV,AP,2013,,,,
1047,Maldives,MDV,AP,2012,,,,
1048,Togo,TGO,SSA,2019,29.0,130.0,7.0,2.40
1049,Togo,TGO,SSA,2018,30.0,129.0,6.0,2.35
1050,Togo,TGO,SSA,2017,32.0,117.0,6.0,3.29
1051,Togo,TGO,SSA,2016,32.0,116.0,5.0,4.21
1052,Togo,TGO,SSA,2015,32.0,106.0,5.0,3.04
1053,Togo,TGO,SSA,2014,29.0,126.0,5.0,3.69
1054,Togo,TGO,SSA,2013,29.0,123.0,5.0,3.70
1055,Togo,TGO,SSA,2012,30.0,128.0,5.0,3.40
1056,Mali,MLI,SSA,2019,29.0,130.0,8.0,2.62
1057,Mali,MLI,SSA,2018,32.0,120.0,7.0,1.38
1058,Mali,MLI,SSA,2017,31.0,122.0,7.0,2.08
1059,Mali,MLI,SSA,2016,32.0,116.0,6.0,1.75
1060,Mali,MLI,SSA,2015,35.0,95.0,6.0,1.89
1061,Mali,MLI,SSA,2014,32.0,115.0,6.0,3.37
1062,Mali,MLI,SSA,2013,28.0,127.0,6.0,3.30
1063,Mali,MLI,SSA,2012,34.0,105.0,6.0,4.00
1064,Myanmar,MMR,AP,2019,29.0,130.0,7.0,4.21
1065,Myanmar,MMR,AP,2018,29.0,132.0,7.0,3.94
1066,Myanmar,MMR,AP,2017,30.0,130.0,7.0,3.91
1067,Myanmar,MMR,AP,2016,28.0,136.0,8.0,3.69
1068,Myanmar,MMR,AP,2015,22.0,147.0,7.0,2.82
1069,Myanmar,MMR,AP,2014,21.0,156.0,7.0,2.87
1070,Myanmar,MMR,AP,2013,21.0,157.0,6.0,3.90
1071,Myanmar,MMR,AP,2012,15.0,172.0,4.0,3.70
1072,Laos,LAO,AP,2019,29.0,130.0,5.0,5.00
1073,Laos,LAO,AP,2018,29.0,132.0,5.0,5.70
1074,Laos,LAO,AP,2017,29.0,135.0,5.0,5.89
1075,Laos,LAO,AP,2016,30.0,123.0,4.0,6.19
1076,Laos,LAO,AP,2015,25.0,139.0,4.0,5.31
1077,Laos,LAO,AP,2014,25.0,145.0,4.0,3.80
1078,Laos,LAO,AP,2013,26.0,140.0,4.0,5.00
1079,Laos,LAO,AP,2012,21.0,160.0,3.0,1.30
1080,Mexico,MEX,AME,2019,29.0,130.0,9.0,1.73
1081,Mexico,MEX,AME,2018,28.0,138.0,9.0,1.83
1082,Mexico,MEX,AME,2017,29.0,135.0,9.0,1.69
1083,Mexico,MEX,AME,2016,30.0,123.0,8.0,1.56
1084,Mexico,MEX,AME,2015,31.0,111.0,8.0,3.02
1085,Mexico,MEX,AME,2014,35.0,103.0,8.0,1.66
1086,Mexico,MEX,AME,2013,34.0,106.0,9.0,1.80
1087,Mexico,MEX,AME,2012,34.0,105.0,9.0,1.70
1088,Guinea,GIN,SSA,2019,29.0,130.0,8.0,2.50
1089,Guinea,GIN,SSA,2018,28.0,138.0,6.0,2.67
1090,Guinea,GIN,SSA,2017,27.0,148.0,7.0,2.37
1091,Guinea,GIN,SSA,2016,27.0,142.0,5.0,2.54
1092,Guinea,GIN,SSA,2015,25.0,139.0,6.0,3.16
1093,Guinea,GIN,SSA,2014,25.0,145.0,7.0,3.21
1094,Guinea,GIN,SSA,2013,24.0,150.0,7.0,3.60
1095,Guinea,GIN,SSA,2012,24.0,154.0,7.0,2.70
1096,Liberia,LBR,SSA,2019,28.0,137.0,7.0,2.67
1097,Liberia,LBR,SSA,2018,32.0,120.0,8.0,3.31
1098,Liberia,LBR,SSA,2017,31.0,122.0,8.0,3.24
1099,Liberia,LBR,SSA,2016,37.0,90.0,7.0,3.43
1100,Liberia,LBR,SSA,2015,37.0,83.0,7.0,4.22
1101,Liberia,LBR,SSA,2014,37.0,94.0,6.0,3.09
1102,Liberia,LBR,SSA,2013,38.0,83.0,7.0,3.30
1103,Liberia,LBR,SSA,2012,41.0,75.0,7.0,3.90
1104,Dominican Republic,DOM,AME,2019,28.0,137.0,7.0,2.70
1105,Dominican Republic,DOM,AME,2018,30.0,129.0,7.0,2.57
1106,Dominican Republic,DOM,AME,2017,29.0,135.0,7.0,2.56
1107,Dominican Republic,DOM,AME,2016,31.0,120.0,6.0,1.89
1108,Dominican Republic,DOM,AME,2015,33.0,102.0,6.0,2.63
1109,Dominican Republic,DOM,AME,2014,32.0,115.0,6.0,3.30
1110,Dominican Republic,DOM,AME,2013,29.0,123.0,6.0,3.50
1111,Dominican Republic,DOM,AME,2012,32.0,118.0,6.0,2.70
1112,Paraguay,PRY,AME,2019,28.0,137.0,6.0,2.84
1113,Paraguay,PRY,AME,2018,29.0,132.0,6.0,3.05
1114,Paraguay,PRY,AME,2017,29.0,135.0,6.0,3.10
1115,Paraguay,PRY,AME,2016,30.0,123.0,6.0,2.68
1116,Paraguay,PRY,AME,2015,27.0,130.0,5.0,2.85
1117,Paraguay,PRY,AME,2014,24.0,150.0,5.0,2.95
1118,Paraguay,PRY,AME,2013,24.0,150.0,5.0,3.10
1119,Paraguay,PRY,AME,2012,25.0,150.0,5.0,2.90
1120,Papua New Guinea,PNG,AP,2019,28.0,137.0,6.0,2.38
1121,Papua New Guinea,PNG,AP,2018,28.0,138.0,6.0,2.47
1122,Papua New Guinea,PNG,AP,2017,29.0,135.0,6.0,2.55
1123,Papua New Guinea,PNG,AP,2016,28.0,136.0,5.0,3.01
1124,Papua New Guinea,PNG,AP,2015,25.0,139.0,5.0,4.22
1125,Papua New Guinea,PNG,AP,2014,25.0,145.0,5.0,4.16
1126,Papua New Guinea,PNG,AP,2013,25.0,144.0,5.0,4.20
1127,Papua New Guinea,PNG,AP,2012,25.0,150.0,5.0,4.20
1128,Russia,RUS,ECA,2019,28.0,137.0,9.0,2.48
1129,Russia,RUS,ECA,2018,28.0,138.0,9.0,2.51
1130,Russia,RUS,ECA,2017,29.0,135.0,9.0,2.50
1131,Russia,RUS,ECA,2016,29.0,131.0,9.0,2.73
1132,Russia,RUS,ECA,2015,29.0,119.0,8.0,2.52
1133,Russia,RUS,ECA,2014,27.0,136.0,8.0,2.61
1134,Russia,RUS,ECA,2013,28.0,127.0,9.0,2.30
1135,Russia,RUS,ECA,2012,28.0,133.0,9.0,2.20
1136,Lebanon,LBN,MENA,2019,28.0,137.0,7.0,2.27
1137,Lebanon,LBN,MENA,2018,28.0,138.0,7.0,2.28
1138,Lebanon,LBN,MENA,2017,28.0,143.0,7.0,2.11
1139,Lebanon,LBN,MENA,2016,28.0,136.0,7.0,2.50
1140,Lebanon,LBN,MENA,2015,28.0,123.0,6.0,3.22
1141,Lebanon,LBN,MENA,2014,27.0,136.0,6.0,3.37
1142,Lebanon,LBN,MENA,2013,28.0,127.0,6.0,3.30
1143,Lebanon,LBN,MENA,2012,30.0,128.0,6.0,2.30
1144,Kenya,KEN,SSA,2019,28.0,137.0,9.0,2.17
1145,Kenya,KEN,SSA,2018,27.0,144.0,9.0,1.82
1146,Kenya,KEN,SSA,2017,28.0,143.0,9.0,1.94
1147,Kenya,KEN,SSA,2016,26.0,145.0,9.0,1.72
1148,Kenya,KEN,SSA,2015,25.0,139.0,8.0,3.02
1149,Kenya,KEN,SSA,2014,25.0,145.0,8.0,2.98
1150,Kenya,KEN,SSA,2013,27.0,136.0,8.0,2.70
1151,Kenya,KEN,SSA,2012,27.0,139.0,8.0,2.20
1152,Mauritania,MRT,SSA,2019,28.0,137.0,6.0,2.73
1153,Mauritania,MRT,SSA,2018,27.0,144.0,6.0,2.95
1154,Mauritania,MRT,SSA,2017,28.0,143.0,6.0,2.41
1155,Mauritania,MRT,SSA,2016,27.0,142.0,5.0,3.62
1156,Mauritania,MRT,SSA,2015,31.0,111.0,5.0,5.07
1157,Mauritania,MRT,SSA,2014,30.0,124.0,5.0,4.23
1158,Mauritania,MRT,SSA,2013,30.0,119.0,5.0,4.10
1159,Mauritania,MRT,SSA,2012,31.0,123.0,5.0,3.50
1160,Uganda,UGA,SSA,2019,28.0,137.0,9.0,2.04
1161,Uganda,UGA,SSA,2018,26.0,149.0,9.0,2.13
1162,Uganda,UGA,SSA,2017,26.0,151.0,9.0,2.11
1163,Uganda,UGA,SSA,2016,25.0,151.0,9.0,2.24
1164,Uganda,UGA,SSA,2015,25.0,139.0,8.0,3.19
1165,Uganda,UGA,SSA,2014,26.0,142.0,8.0,3.03
1166,Uganda,UGA,SSA,2013,26.0,140.0,8.0,3.30
1167,Uganda,UGA,SSA,2012,29.0,130.0,8.0,2.20
1168,Iran,IRN,MENA,2019,26.0,146.0,7.0,3.63
1169,Iran,IRN,MENA,2018,28.0,138.0,7.0,2.89
1170,Iran,IRN,MENA,2017,30.0,130.0,7.0,3.51
1171,Iran,IRN,MENA,2016,29.0,131.0,7.0,2.47
1172,Iran,IRN,MENA,2015,27.0,130.0,6.0,3.28
1173,Iran,IRN,MENA,2014,27.0,136.0,6.0,4.72
1174,Iran,IRN,MENA,2013,25.0,144.0,6.0,3.90
1175,Iran,IRN,MENA,2012,28.0,133.0,6.0,4.60
1176,Honduras,HND,AME,2019,26.0,146.0,7.0,3.25
1177,Honduras,HND,AME,2018,29.0,132.0,8.0,2.42
1178,Honduras,HND,AME,2017,29.0,135.0,8.0,2.32
1179,Honduras,HND,AME,2016,30.0,123.0,7.0,3.05
1180,Honduras,HND,AME,2015,31.0,111.0,7.0,4.12
1181,Honduras,HND,AME,2014,29.0,126.0,6.0,3.49
1182,Honduras,HND,AME,2013,26.0,140.0,6.0,2.50
1183,Honduras,HND,AME,2012,28.0,133.0,6.0,2.40
1184,Guatemala,GTM,AME,2019,26.0,146.0,7.0,2.23
1185,Guatemala,GTM,AME,2018,27.0,144.0,7.0,2.56
1186,Guatemala,GTM,AME,2017,28.0,143.0,7.0,2.19
1187,Guatemala,GTM,AME,2016,28.0,136.0,6.0,2.58
1188,Guatemala,GTM,AME,2015,28.0,123.0,6.0,3.46
1189,Guatemala,GTM,AME,2014,32.0,115.0,6.0,2.96
1190,Guatemala,GTM,AME,2013,29.0,123.0,6.0,2.60
1191,Guatemala,GTM,AME,2012,33.0,113.0,6.0,2.70
1192,Bangladesh,BGD,AP,2019,26.0,146.0,8.0,2.62
1193,Bangladesh,BGD,AP,2018,26.0,149.0,8.0,2.63
1194,Bangladesh,BGD,AP,2017,28.0,143.0,8.0,3.19
1195,Bangladesh,BGD,AP,2016,26.0,145.0,7.0,4.13
1196,Bangladesh,BGD,AP,2015,25.0,139.0,7.0,4.30
1197,Bangladesh,BGD,AP,2014,25.0,145.0,7.0,4.23
1198,Bangladesh,BGD,AP,2013,27.0,136.0,7.0,4.10
1199,Bangladesh,BGD,AP,2012,26.0,144.0,7.0,4.10
1200,Nigeria,NGA,SSA,2019,26.0,146.0,8.0,1.87
1201,Nigeria,NGA,SSA,2018,27.0,144.0,9.0,2.03
1202,Nigeria,NGA,SSA,2017,27.0,148.0,9.0,1.97
1203,Nigeria,NGA,SSA,2016,28.0,136.0,9.0,1.98
1204,Nigeria,NGA,SSA,2015,26.0,136.0,8.0,2.24
1205,Nigeria,NGA,SSA,2014,27.0,136.0,8.0,2.82
1206,Nigeria,NGA,SSA,2013,25.0,144.0,9.0,3.10
1207,Nigeria,NGA,SSA,2012,27.0,139.0,9.0,2.70
1208,Mozambique,MOZ,SSA,2019,26.0,146.0,9.0,2.98
1209,Mozambique,MOZ,SSA,2018,23.0,158.0,8.0,2.64
1210,Mozambique,MOZ,SSA,2017,25.0,153.0,8.0,2.87
1211,Mozambique,MOZ,SSA,2016,27.0,142.0,8.0,2.57
1212,Mozambique,MOZ,SSA,2015,31.0,111.0,7.0,1.97
1213,Mozambique,MOZ,SSA,2014,31.0,119.0,7.0,1.89
1214,Mozambique,MOZ,SSA,2013,30.0,119.0,7.0,2.00
1215,Mozambique,MOZ,SSA,2012,31.0,123.0,7.0,1.60
1216,Angola,AGO,SSA,2019,26.0,146.0,7.0,1.82
1217,Angola,AGO,SSA,2018,19.0,165.0,6.0,1.31
1218,Angola,AGO,SSA,2017,19.0,167.0,5.0,1.28
1219,Angola,AGO,SSA,2016,18.0,164.0,4.0,1.68
1220,Angola,AGO,SSA,2015,15.0,163.0,5.0,1.80
1221,Angola,AGO,SSA,2014,19.0,161.0,6.0,1.71
1222,Angola,AGO,SSA,2013,23.0,153.0,7.0,2.80
1223,Angola,AGO,SSA,2012,22.0,157.0,7.0,1.80
1224,Comoros,COM,SSA,2019,25.0,153.0,4.0,8.90
1225,Comoros,COM,SSA,2018,27.0,144.0,4.0,9.00
1226,Comoros,COM,SSA,2017,27.0,148.0,4.0,8.87
1227,Comoros,COM,SSA,2016,24.0,153.0,3.0,12.81
1228,Comoros,COM,SSA,2015,26.0,136.0,3.0,8.76
1229,Comoros,COM,SSA,2014,26.0,142.0,3.0,8.75
1230,Comoros,COM,SSA,2013,28.0,127.0,3.0,7.50
1231,Comoros,COM,SSA,2012,28.0,133.0,3.0,7.50
1232,Cameroon,CMR,SSA,2019,25.0,153.0,9.0,2.42
1233,Cameroon,CMR,SSA,2018,25.0,152.0,9.0,2.43
1234,Cameroon,CMR,SSA,2017,25.0,153.0,9.0,2.58
1235,Cameroon,CMR,SSA,2016,26.0,145.0,9.0,3.04
1236,Cameroon,CMR,SSA,2015,27.0,130.0,8.0,3.26
1237,Cameroon,CMR,SSA,2014,27.0,136.0,8.0,2.87
1238,Cameroon,CMR,SSA,2013,25.0,144.0,8.0,2.90
1239,Cameroon,CMR,SSA,2012,26.0,144.0,8.0,3.50
1240,Central African Republic,CAF,SSA,2019,25.0,153.0,5.0,1.43
1241,Central African Republic,CAF,SSA,2018,26.0,149.0,5.0,1.14
1242,Central African Republic,CAF,SSA,2017,23.0,156.0,5.0,3.28
1243,Central African Republic,CAF,SSA,2016,20.0,159.0,4.0,4.04
1244,Central African Republic,CAF,SSA,2015,24.0,145.0,4.0,1.44
1245,Central African Republic,CAF,SSA,2014,24.0,150.0,4.0,1.33
1246,Central African Republic,CAF,SSA,2013,25.0,144.0,4.0,5.40
1247,Central African Republic,CAF,SSA,2012,26.0,144.0,4.0,2.40
1248,Uzbekistan,UZB,ECA,2019,25.0,153.0,7.0,2.01
1249,Uzbekistan,UZB,ECA,2018,23.0,158.0,7.0,1.93
1250,Uzbekistan,UZB,ECA,2017,22.0,157.0,7.0,2.11
1251,Uzbekistan,UZB,ECA,2016,21.0,156.0,7.0,2.35
1252,Uzbekistan,UZB,ECA,2015,19.0,153.0,6.0,2.71
1253,Uzbekistan,UZB,ECA,2014,18.0,166.0,6.0,2.54
1254,Uzbekistan,UZB,ECA,2013,17.0,168.0,6.0,2.00
1255,Uzbekistan,UZB,ECA,2012,17.0,170.0,6.0,2.00
1256,Tajikistan,TJK,ECA,2019,25.0,153.0,6.0,6.66
1257,Tajikistan,TJK,ECA,2018,25.0,152.0,6.0,5.73
1258,Tajikistan,TJK,ECA,2017,21.0,161.0,5.0,2.36
1259,Tajikistan,TJK,ECA,2016,25.0,151.0,6.0,5.26
1260,Tajikistan,TJK,ECA,2015,26.0,136.0,5.0,7.36
1261,Tajikistan,TJK,ECA,2014,23.0,152.0,5.0,5.32
1262,Tajikistan,TJK,ECA,2013,22.0,154.0,5.0,3.80
1263,Tajikistan,TJK,ECA,2012,22.0,157.0,5.0,3.80
1264,Madagascar,MDG,SSA,2019,24.0,158.0,8.0,2.48
1265,Madagascar,MDG,SSA,2018,25.0,152.0,7.0,2.64
1266,Madagascar,MDG,SSA,2017,24.0,155.0,8.0,2.72
1267,Madagascar,MDG,SSA,2016,26.0,145.0,7.0,2.88
1268,Madagascar,MDG,SSA,2015,28.0,123.0,7.0,2.99
1269,Madagascar,MDG,SSA,2014,28.0,133.0,8.0,3.38
1270,Madagascar,MDG,SSA,2013,28.0,127.0,8.0,1.90
1271,Madagascar,MDG,SSA,2012,32.0,118.0,8.0,3.20
1272,Zimbabwe,ZWE,SSA,2019,24.0,158.0,9.0,2.31
1273,Zimbabwe,ZWE,SSA,2018,22.0,160.0,9.0,2.29
1274,Zimbabwe,ZWE,SSA,2017,22.0,157.0,9.0,2.22
1275,Zimbabwe,ZWE,SSA,2016,22.0,154.0,9.0,2.59
1276,Zimbabwe,ZWE,SSA,2015,21.0,150.0,8.0,4.54
1277,Zimbabwe,ZWE,SSA,2014,21.0,156.0,8.0,4.18
1278,Zimbabwe,ZWE,SSA,2013,21.0,157.0,8.0,4.30
1279,Zimbabwe,ZWE,SSA,2012,20.0,163.0,8.0,4.30
1280,Eritrea,ERI,SSA,2019,23.0,160.0,5.0,6.66
1281,Eritrea,ERI,SSA,2018,24.0,157.0,5.0,8.24
1282,Eritrea,ERI,SSA,2017,20.0,165.0,5.0,5.74
1283,Eritrea,ERI,SSA,2016,18.0,164.0,5.0,6.24
1284,Eritrea,ERI,SSA,2015,18.0,154.0,4.0,8.15
1285,Eritrea,ERI,SSA,2014,18.0,166.0,4.0,7.91
1286,Eritrea,ERI,SSA,2013,20.0,160.0,4.0,11.00
1287,Eritrea,ERI,SSA,2012,25.0,150.0,4.0,9.20
1288,Nicaragua,NIC,AME,2019,22.0,161.0,7.0,1.16
1289,Nicaragua,NIC,AME,2018,25.0,152.0,8.0,1.13
1290,Nicaragua,NIC,AME,2017,26.0,151.0,8.0,1.29
1291,Nicaragua,NIC,AME,2016,26.0,145.0,7.0,1.98
1292,Nicaragua,NIC,AME,2015,27.0,130.0,7.0,2.50
1293,Nicaragua,NIC,AME,2014,28.0,133.0,7.0,2.03
1294,Nicaragua,NIC,AME,2013,28.0,127.0,7.0,2.40
1295,Nicaragua,NIC,AME,2012,29.0,130.0,7.0,2.10
1296,Cambodia,KHM,AP,2019,20.0,162.0,8.0,3.41
1297,Cambodia,KHM,AP,2018,20.0,161.0,8.0,2.58
1298,Cambodia,KHM,AP,2017,21.0,161.0,8.0,2.43
1299,Cambodia,KHM,AP,2016,21.0,156.0,8.0,2.82
1300,Cambodia,KHM,AP,2015,21.0,150.0,7.0,3.87
1301,Cambodia,KHM,AP,2014,21.0,156.0,7.0,2.25
1302,Cambodia,KHM,AP,2013,20.0,160.0,7.0,3.00
1303,Cambodia,KHM,AP,2012,22.0,157.0,7.0,3.10
1304,Chad,TCD,SSA,2019,20.0,162.0,6.0,2.45
1305,Chad,TCD,SSA,2018,19.0,165.0,6.0,2.94
1306,Chad,TCD,SSA,2017,20.0,165.0,6.0,2.73
1307,Chad,TCD,SSA,2016,20.0,159.0,5.0,2.67
1308,Chad,TCD,SSA,2015,22.0,147.0,5.0,2.35
1309,Chad,TCD,SSA,2014,22.0,154.0,5.0,2.95
1310,Chad,TCD,SSA,2013,19.0,163.0,5.0,3.80
1311,Chad,TCD,SSA,2012,19.0,165.0,5.0,2.50
1312,Iraq,IRQ,MENA,2019,20.0,162.0,5.0,2.98
1313,Iraq,IRQ,MENA,2018,18.0,168.0,5.0,2.63
1314,Iraq,IRQ,MENA,2017,18.0,169.0,5.0,2.47
1315,Iraq,IRQ,MENA,2016,17.0,166.0,5.0,1.87
1316,Iraq,IRQ,MENA,2015,16.0,161.0,4.0,2.50
1317,Iraq,IRQ,MENA,2014,16.0,170.0,4.0,2.37
1318,Iraq,IRQ,MENA,2013,16.0,171.0,4.0,2.40
1319,Iraq,IRQ,MENA,2012,18.0,169.0,4.0,2.30
1320,Burundi,BDI,SSA,2019,19.0,165.0,6.0,4.89
1321,Burundi,BDI,SSA,2018,17.0,170.0,5.0,2.65
1322,Burundi,BDI,SSA,2017,22.0,157.0,6.0,3.29
1323,Burundi,BDI,SSA,2016,20.0,159.0,6.0,1.53
1324,Burundi,BDI,SSA,2015,21.0,150.0,5.0,2.94
1325,Burundi,BDI,SSA,2014,20.0,159.0,5.0,3.65
1326,Burundi,BDI,SSA,2013,21.0,157.0,5.0,2.60
1327,Burundi,BDI,SSA,2012,19.0,165.0,5.0,2.80
1328,Congo,COG,SSA,2019,19.0,165.0,6.0,1.03
1329,Congo,COG,SSA,2018,19.0,165.0,6.0,1.04
1330,Congo,COG,SSA,2017,21.0,161.0,6.0,1.08
1331,Congo,COG,SSA,2016,20.0,159.0,5.0,1.78
1332,Congo,COG,SSA,2015,23.0,146.0,6.0,4.11
1333,Congo,COG,SSA,2014,23.0,152.0,6.0,4.20
1334,Congo,COG,SSA,2013,22.0,154.0,6.0,3.80
1335,Congo,COG,SSA,2012,26.0,144.0,6.0,3.30
1336,Turkmenistan,TKM,ECA,2019,19.0,165.0,5.0,1.42
1337,Turkmenistan,TKM,ECA,2018,20.0,161.0,5.0,1.22
1338,Turkmenistan,TKM,ECA,2017,19.0,167.0,5.0,1.78
1339,Turkmenistan,TKM,ECA,2016,22.0,154.0,4.0,1.32
1340,Turkmenistan,TKM,ECA,2015,18.0,154.0,4.0,2.38
1341,Turkmenistan,TKM,ECA,2014,17.0,169.0,3.0,2.85
1342,Turkmenistan,TKM,ECA,2013,17.0,168.0,3.0,2.90
1343,Turkmenistan,TKM,ECA,2012,17.0,170.0,3.0,2.90
1344,Haiti,HTI,AME,2019,18.0,168.0,6.0,3.23
1345,Haiti,HTI,AME,2018,20.0,161.0,6.0,2.47
1346,Haiti,HTI,AME,2017,22.0,157.0,6.0,2.05
1347,Haiti,HTI,AME,2016,20.0,159.0,5.0,1.81
1348,Haiti,HTI,AME,2015,17.0,158.0,5.0,2.74
1349,Haiti,HTI,AME,2014,19.0,161.0,5.0,2.86
1350,Haiti,HTI,AME,2013,19.0,163.0,5.0,3.10
1351,Haiti,HTI,AME,2012,19.0,165.0,5.0,2.80
1352,Democratic Republic of the Congo,COD,SSA,2019,18.0,168.0,9.0,1.43
1353,Democratic Republic of the Congo,COD,SSA,2018,20.0,161.0,8.0,2.13
1354,Democratic Republic of the Congo,COD,SSA,2017,21.0,161.0,8.0,1.96
1355,Democratic Republic of the Congo,COD,SSA,2016,21.0,156.0,7.0,2.13
1356,Democratic Republic of the Congo,COD,SSA,2015,22.0,147.0,6.0,3.35
1357,Democratic Republic of the Congo,COD,SSA,2014,22.0,154.0,5.0,4.19
1358,Democratic Republic of the Congo,COD,SSA,2013,22.0,154.0,5.0,4.20
1359,Democratic Republic of the Congo,COD,SSA,2012,21.0,160.0,5.0,3.30
1360,Libya,LBY,MENA,2019,18.0,168.0,5.0,2.24
1361,Libya,LBY,MENA,2018,17.0,170.0,5.0,2.57
1362,Libya,LBY,MENA,2017,17.0,171.0,5.0,3.05
1363,Libya,LBY,MENA,2016,14.0,170.0,4.0,2.00
1364,Libya,LBY,MENA,2015,16.0,161.0,5.0,3.18
1365,Libya,LBY,MENA,2014,18.0,166.0,5.0,2.81
1366,Libya,LBY,MENA,2013,15.0,172.0,6.0,3.30
1367,Libya,LBY,MENA,2012,21.0,160.0,6.0,4.00
1368,Guinea Bissau,GNB,SSA,2019,18.0,168.0,6.0,2.91
1369,Guinea Bissau,GNB,SSA,2018,16.0,172.0,5.0,1.97
1370,Guinea Bissau,GNB,SSA,2017,17.0,171.0,5.0,1.70
1371,Guinea Bissau,GNB,SSA,2016,16.0,168.0,4.0,2.09
1372,Guinea Bissau,GNB,SSA,2015,17.0,158.0,4.0,2.63
1373,Guinea Bissau,GNB,SSA,2014,19.0,161.0,4.0,2.37
1374,Guinea Bissau,GNB,SSA,2013,19.0,163.0,4.0,2.40
1375,Guinea Bissau,GNB,SSA,2012,25.0,150.0,4.0,2.10
1376,"Korea, North",PRK,AP,2019,17.0,172.0,4.0,3.16
1377,"Korea, North",PRK,AP,2018,14.0,176.0,4.0,1.39
1378,"Korea, North",PRK,AP,2017,17.0,171.0,4.0,4.18
1379,"Korea, North",PRK,AP,2016,12.0,174.0,3.0,1.39
1380,"Korea, North",PRK,AP,2015,8.0,167.0,3.0,3.38
1381,"Korea, North",PRK,AP,2014,8.0,174.0,3.0,3.35
1382,"Korea, North",PRK,AP,2013,8.0,175.0,3.0,3.40
1383,"Korea, North",PRK,AP,2012,8.0,174.0,3.0,3.40
1384,Venezuela,VEN,AME,2019,16.0,173.0,8.0,2.05
1385,Venezuela,VEN,AME,2018,18.0,168.0,8.0,2.13
1386,Venezuela,VEN,AME,2017,18.0,169.0,8.0,1.60
1387,Venezuela,VEN,AME,2016,17.0,166.0,7.0,1.41
1388,Venezuela,VEN,AME,2015,17.0,158.0,7.0,2.64
1389,Venezuela,VEN,AME,2014,19.0,161.0,7.0,1.69
1390,Venezuela,VEN,AME,2013,20.0,160.0,7.0,2.30
1391,Venezuela,VEN,AME,2012,19.0,165.0,7.0,2.10
1392,Equatorial Guinea,GNQ,SSA,2019,16.0,173.0,4.0,3.00
1393,Equatorial Guinea,GNQ,SSA,2018,16.0,172.0,3.0,2.82
1394,Equatorial Guinea,GNQ,SSA,2017,17.0,171.0,3.0,3.56
1395,Equatorial Guinea,GNQ,SSA,2016,,,,
1396,Equatorial Guinea,GNQ,SSA,2015,,,,
1397,Equatorial Guinea,GNQ,SSA,2014,,,,
1398,Equatorial Guinea,GNQ,SSA,2013,19.0,163.0,3.0,2.20
1399,Equatorial Guinea,GNQ,SSA,2012,20.0,163.0,3.0,1.30
1400,Sudan,SDN,SSA,2019,16.0,173.0,7.0,2.74
1401,Sudan,SDN,SSA,2018,16.0,172.0,7.0,2.51
1402,Sudan,SDN,SSA,2017,16.0,175.0,7.0,2.31
1403,Sudan,SDN,SSA,2016,14.0,170.0,7.0,2.99
1404,Sudan,SDN,SSA,2015,12.0,165.0,6.0,3.64
1405,Sudan,SDN,SSA,2014,11.0,173.0,6.0,3.55
1406,Sudan,SDN,SSA,2013,11.0,174.0,6.0,3.50
1407,Sudan,SDN,SSA,2012,13.0,173.0,6.0,2.90
1408,Afghanistan,AFG,AP,2019,16.0,173.0,5.0,2.55
1409,Afghanistan,AFG,AP,2018,16.0,172.0,5.0,1.41
1410,Afghanistan,AFG,AP,2017,15.0,177.0,5.0,1.39
1411,Afghanistan,AFG,AP,2016,15.0,169.0,5.0,1.74
1412,Afghanistan,AFG,AP,2015,11.0,166.0,4.0,3.49
1413,Afghanistan,AFG,AP,2014,12.0,172.0,4.0,1.29
1414,Afghanistan,AFG,AP,2013,8.0,175.0,3.0,3.30
1415,Afghanistan,AFG,AP,2012,8.0,174.0,3.0,3.30
1416,Yemen,YEM,MENA,2019,15.0,177.0,7.0,1.89
1417,Yemen,YEM,MENA,2018,14.0,176.0,7.0,1.45
1418,Yemen,YEM,MENA,2017,16.0,175.0,7.0,1.85
1419,Yemen,YEM,MENA,2016,14.0,170.0,7.0,3.05
1420,Yemen,YEM,MENA,2015,18.0,154.0,6.0,2.66
1421,Yemen,YEM,MENA,2014,19.0,161.0,6.0,2.37
1422,Yemen,YEM,MENA,2013,18.0,167.0,6.0,2.60
1423,Yemen,YEM,MENA,2012,23.0,156.0,6.0,2.20
1424,Syria,SYR,MENA,2019,13.0,178.0,5.0,1.92
1425,Syria,SYR,MENA,2018,13.0,178.0,5.0,1.92
1426,Syria,SYR,MENA,2017,14.0,178.0,5.0,1.93
1427,Syria,SYR,MENA,2016,13.0,173.0,5.0,1.97
1428,Syria,SYR,MENA,2015,18.0,154.0,4.0,5.66
1429,Syria,SYR,MENA,2014,20.0,159.0,4.0,5.31
1430,Syria,SYR,MENA,2013,17.0,168.0,4.0,3.80
1431,Syria,SYR,MENA,2012,26.0,144.0,5.0,2.70
1432,South Sudan,SSD,SSA,2019,12.0,179.0,5.0,1.26
1433,South Sudan,SSD,SSA,2018,13.0,178.0,5.0,1.86
1434,South Sudan,SSD,SSA,2017,12.0,179.0,5.0,1.56
1435,South Sudan,SSD,SSA,2016,11.0,175.0,5.0,3.21
1436,South Sudan,SSD,SSA,2015,15.0,163.0,3.0,1.45
1437,South Sudan,SSD,SSA,2014,15.0,171.0,3.0,2.35
1438,South Sudan,SSD,SSA,2013,14.0,173.0,3.0,1.60
1439,South Sudan,SSD,SSA,2012,,,,
1440,Somalia,SOM,SSA,2019,9.0,180.0,5.0,1.74
1441,Somalia,SOM,SSA,2018,10.0,180.0,6.0,3.08
1442,Somalia,SOM,SSA,2017,9.0,180.0,5.0,2.26
1443,Somalia,SOM,SSA,2016,10.0,176.0,5.0,2.98
1444,Somalia,SOM,SSA,2015,8.0,167.0,4.0,2.32
1445,Somalia,SOM,SSA,2014,8.0,174.0,4.0,2.34
1446,Somalia,SOM,SSA,2013,8.0,175.0,4.0,1.90
1447,Somalia,SOM,SSA,2012,8.0,174.0,4.0,2.30
